"Status","Start Time","Stop Time","Duration in ms","Parent Suite","Suite","Sub Suite","Test Class","Test Method","Name","Description"
"passed","Tue Dec 05 10:56:08 EET 2023","Tue Dec 05 10:56:58 EET 2023","49932","Import Bills","Import Bills","tests.ABETradeFinanceImportBillsLodgeVerifyTest","tests.ABETradeFinanceImportBillsLodgeVerifyTest","ABE_LodgeVerification","Test Case ID: FCB-7008",""
"passed","Tue Dec 05 10:44:40 EET 2023","Tue Dec 05 10:45:56 EET 2023","76179","Import Bills","Import Bills","tests.ABETradeFinanceImportBillsLodgeVerifyTest","tests.ABETradeFinanceImportBillsLodgeVerifyTest","ABE_LodgeVerification","Test Case ID: FCB-7000",""
"passed","Tue Dec 05 10:21:28 EET 2023","Tue Dec 05 10:25:03 EET 2023","214593","Import Bills","Import Bills","tests.ABETradeFinanceImportBillsLodgeTest","tests.ABETradeFinanceImportBillsLodgeTest","ABE_Lodge","Test Case ID: FCB-7007",""
"passed","Tue Dec 05 10:49:21 EET 2023","Tue Dec 05 10:52:05 EET 2023","164462","Import Bills","Import Bills","tests.ABETradeFinanceImportBillsLodgeVerifyTest","tests.ABETradeFinanceImportBillsLodgeVerifyTest","ABE_LodgeVerification","Test Case ID: FCB-6916",""
"broken","Tue Dec 05 10:55:26 EET 2023","Tue Dec 05 10:55:58 EET 2023","32107","Import Bills","Import Bills","tests.ABETradeFinanceImportBillsLodgeVerifyTest","tests.ABETradeFinanceImportBillsLodgeVerifyTest","ABE_LodgeVerification","Test Case ID: FCB-7000",""
"passed","Tue Dec 05 10:32:26 EET 2023","Tue Dec 05 10:33:58 EET 2023","92309","Import Bills","Import Bills","tests.ABETradeFinanceImportBillsLodgeTest","tests.ABETradeFinanceImportBillsLodgeTest","ABE_Lodge","Test Case ID: FCB-6966",""
"passed","Tue Dec 05 10:14:01 EET 2023","Tue Dec 05 10:16:02 EET 2023","120943","Import Bills","Import Bills","tests.ABETradeFinanceImportBillsLodgeTest","tests.ABETradeFinanceImportBillsLodgeTest","ABE_Lodge","Test Case ID: FCB-6927",""
"passed","Tue Dec 05 10:04:18 EET 2023","Tue Dec 05 10:06:01 EET 2023","102472","Import Bills","Import Bills","tests.ABETradeFinanceImportBillsLodgeTest","tests.ABETradeFinanceImportBillsLodgeTest","ABE_Lodge","Test Case ID: FCB-7405",""
"passed","Tue Dec 05 10:29:00 EET 2023","Tue Dec 05 10:30:26 EET 2023","85891","Import Bills","Import Bills","tests.ABETradeFinanceImportBillsLodgeTest","tests.ABETradeFinanceImportBillsLodgeTest","ABE_Lodge","Test Case ID: FCB-6901",""
"passed","Tue Dec 05 10:37:23 EET 2023","Tue Dec 05 10:40:08 EET 2023","165719","Import Bills","Import Bills","tests.ABETradeFinanceImportBillsLodgeVerifyTest","tests.ABETradeFinanceImportBillsLodgeVerifyTest","ABE_LodgeVerification","Test Case ID: FCB-6967",""
"failed","Tue Dec 05 10:57:07 EET 2023","Tue Dec 05 10:59:52 EET 2023","165241","Import Bills","Import Bills","tests.ABETradeFinanceImportBillsLodgeVerifyTest","tests.ABETradeFinanceImportBillsLodgeVerifyTest","ABE_LodgeVerification","Test Case ID: FCB-7384",""
"passed","Tue Dec 05 11:01:17 EET 2023","Tue Dec 05 11:03:54 EET 2023","157074","Import Bills","Import Bills","tests.ABETradeFinanceImportBillsLodgeVerifyTest","tests.ABETradeFinanceImportBillsLodgeVerifyTest","ABE_LodgeVerification","Test Case ID: FCB-7430",""
"passed","Tue Dec 05 11:04:48 EET 2023","Tue Dec 05 11:07:24 EET 2023","155991","Import Bills","Import Bills","tests.ABETradeFinanceImportBillsLodgeVerifyTest","tests.ABETradeFinanceImportBillsLodgeVerifyTest","ABE_LodgeVerification","Test Case ID: FCB-7440",""
"passed","Tue Dec 05 10:52:16 EET 2023","Tue Dec 05 10:55:16 EET 2023","179997","Import Bills","Import Bills","tests.ABETradeFinanceImportBillsLodgeVerifyTest","tests.ABETradeFinanceImportBillsLodgeVerifyTest","ABE_LodgeVerification","Test Case ID: FCB-6949",""
"passed","Tue Dec 05 10:40:20 EET 2023","Tue Dec 05 10:41:17 EET 2023","56944","Import Bills","Import Bills","tests.ABETradeFinanceImportBillsLodgeVerifyTest","tests.ABETradeFinanceImportBillsLodgeVerifyTest","ABE_LodgeVerification","Test Case ID: FCB-7016",""
"broken","Tue Dec 05 11:07:35 EET 2023","Tue Dec 05 11:08:07 EET 2023","32294","Import Bills","Import Bills","tests.ABETradeFinanceImportBillsLodgeVerifyTest","tests.ABETradeFinanceImportBillsLodgeVerifyTest","ABE_LodgeVerification","Test Case ID: FCB-7457",""
"passed","Tue Dec 05 10:19:51 EET 2023","Tue Dec 05 10:21:18 EET 2023","87808","Import Bills","Import Bills","tests.ABETradeFinanceImportBillsLodgeTest","tests.ABETradeFinanceImportBillsLodgeTest","ABE_Lodge","Test Case ID: FCB-6948",""
"passed","Tue Dec 05 10:34:19 EET 2023","Tue Dec 05 10:37:12 EET 2023","173061","Import Bills","Import Bills","tests.ABETradeFinanceImportBillsLodgeVerifyTest","tests.ABETradeFinanceImportBillsLodgeVerifyTest","ABE_LodgeVerification","Test Case ID: FCB-6928",""
"passed","Tue Dec 05 10:09:42 EET 2023","Tue Dec 05 10:11:16 EET 2023","93769","Import Bills","Import Bills","tests.ABETradeFinanceImportBillsLodgeTest","tests.ABETradeFinanceImportBillsLodgeTest","ABE_Lodge","Test Case ID: FCB-7397",""
"broken","Tue Dec 05 11:04:06 EET 2023","Tue Dec 05 11:04:38 EET 2023","32073","Import Bills","Import Bills","tests.ABETradeFinanceImportBillsLodgeVerifyTest","tests.ABETradeFinanceImportBillsLodgeVerifyTest","ABE_LodgeVerification","Test Case ID: FCB-7438",""
"passed","Tue Dec 05 10:11:26 EET 2023","Tue Dec 05 10:12:32 EET 2023","66141","Import Bills","Import Bills","tests.ABETradeFinanceImportBillsLodgeTest","tests.ABETradeFinanceImportBillsLodgeTest","ABE_Lodge","Test Case ID: FCB-7439",""
"passed","Tue Dec 05 10:06:13 EET 2023","Tue Dec 05 10:07:46 EET 2023","92806","Import Bills","Import Bills","tests.ABETradeFinanceImportBillsLodgeTest","tests.ABETradeFinanceImportBillsLodgeTest","ABE_Lodge","Test Case ID: FCB-7457",""
"passed","Tue Dec 05 10:41:28 EET 2023","Tue Dec 05 10:44:25 EET 2023","177266","Import Bills","Import Bills","tests.ABETradeFinanceImportBillsLodgeVerifyTest","tests.ABETradeFinanceImportBillsLodgeVerifyTest","ABE_LodgeVerification","Test Case ID: FCB-7398",""
"passed","Tue Dec 05 10:12:42 EET 2023","Tue Dec 05 10:13:51 EET 2023","69023","Import Bills","Import Bills","tests.ABETradeFinanceImportBillsLodgeTest","tests.ABETradeFinanceImportBillsLodgeTest","ABE_Lodge","Test Case ID: FCB-7429",""
"passed","Tue Dec 05 10:30:38 EET 2023","Tue Dec 05 10:32:14 EET 2023","96335","Import Bills","Import Bills","tests.ABETradeFinanceImportBillsLodgeTest","tests.ABETradeFinanceImportBillsLodgeTest","ABE_Lodge","Test Case ID: FCB-6915",""
"passed","Tue Dec 05 10:25:15 EET 2023","Tue Dec 05 10:28:49 EET 2023","214450","Import Bills","Import Bills","tests.ABETradeFinanceImportBillsLodgeTest","tests.ABETradeFinanceImportBillsLodgeTest","ABE_Lodge","Test Case ID: FCB-7015",""
"passed","Tue Dec 05 10:07:57 EET 2023","Tue Dec 05 10:09:32 EET 2023","95125","Import Bills","Import Bills","tests.ABETradeFinanceImportBillsLodgeTest","tests.ABETradeFinanceImportBillsLodgeTest","ABE_Lodge","Test Case ID: FCB-7383",""
"passed","Tue Dec 05 10:16:18 EET 2023","Tue Dec 05 10:19:41 EET 2023","202850","Import Bills","Import Bills","tests.ABETradeFinanceImportBillsLodgeTest","tests.ABETradeFinanceImportBillsLodgeTest","ABE_Lodge","Test Case ID: FCB-6999",""
"passed","Tue Dec 05 10:46:09 EET 2023","Tue Dec 05 10:49:09 EET 2023","179895","Import Bills","Import Bills","tests.ABETradeFinanceImportBillsLodgeVerifyTest","tests.ABETradeFinanceImportBillsLodgeVerifyTest","ABE_LodgeVerification","Test Case ID: FCB-6902",""
"passed","Tue Dec 05 11:00:02 EET 2023","Tue Dec 05 11:01:07 EET 2023","64404","Import Bills","Import Bills","tests.ABETradeFinanceImportBillsLodgeVerifyTest","tests.ABETradeFinanceImportBillsLodgeVerifyTest","ABE_LodgeVerification","Test Case ID: FCB-7406",""
