"Status","Start Time","Stop Time","Duration in ms","Parent Suite","Suite","Sub Suite","Test Class","Test Method","Name","Description"
"passed","Tue Dec 05 12:58:39 EET 2023","Tue Dec 05 12:59:32 EET 2023","53226","Import Bills","Import Bills","tests.ABEAcceptImportBillTradeFinanceTest","tests.ABEAcceptImportBillTradeFinanceTest","ABE_AcceptImportBills","Test Case ID: FCB-7399",""
"passed","Tue Dec 05 13:03:11 EET 2023","Tue Dec 05 13:04:09 EET 2023","57530","Import Bills","Import Bills","tests.ABEAcceptImportBillTradeFinanceTest","tests.ABEAcceptImportBillTradeFinanceTest","ABE_AcceptImportBills","Test Case ID: FCB-7009",""
"passed","Tue Dec 05 13:01:58 EET 2023","Tue Dec 05 13:02:56 EET 2023","57342","Import Bills","Import Bills","tests.ABEAcceptImportBillTradeFinanceTest","tests.ABEAcceptImportBillTradeFinanceTest","ABE_AcceptImportBills","Test Case ID: FCB-7001",""
"broken","Tue Dec 05 12:57:07 EET 2023","Tue Dec 05 12:58:27 EET 2023","80167","Import Bills","Import Bills","tests.ABEAcceptImportBillTradeFinanceTest","tests.ABEAcceptImportBillTradeFinanceTest","ABE_AcceptImportBills","Test Case ID: FCB-7017",""
"passed","Tue Dec 05 12:59:45 EET 2023","Tue Dec 05 13:00:35 EET 2023","50400","Import Bills","Import Bills","tests.ABEAcceptImportBillTradeFinanceTest","tests.ABEAcceptImportBillTradeFinanceTest","ABE_AcceptImportBills","Test Case ID: FCB-6950",""
"passed","Tue Dec 05 13:00:49 EET 2023","Tue Dec 05 13:01:42 EET 2023","52980","Import Bills","Import Bills","tests.ABEAcceptImportBillTradeFinanceTest","tests.ABEAcceptImportBillTradeFinanceTest","ABE_AcceptImportBills","Test Case ID: FCB-6968",""
"passed","Tue Dec 05 13:06:45 EET 2023","Tue Dec 05 13:07:48 EET 2023","63820","Import Bills","Import Bills","tests.ABEAcceptImportBillTradeFinanceTest","tests.ABEAcceptImportBillTradeFinanceTest","ABE_AcceptImportBills","Test Case ID: FCB-7459",""
"passed","Tue Dec 05 13:05:26 EET 2023","Tue Dec 05 13:06:29 EET 2023","63226","Import Bills","Import Bills","tests.ABEAcceptImportBillTradeFinanceTest","tests.ABEAcceptImportBillTradeFinanceTest","ABE_AcceptImportBills","Test Case ID: FCB-7407",""
"passed","Tue Dec 05 13:04:20 EET 2023","Tue Dec 05 13:05:13 EET 2023","52739","Import Bills","Import Bills","tests.ABEAcceptImportBillTradeFinanceTest","tests.ABEAcceptImportBillTradeFinanceTest","ABE_AcceptImportBills","Test Case ID: FCB-7385",""
