"Status","Start Time","Stop Time","Duration in ms","Parent Suite","Suite","Sub Suite","Test Class","Test Method","Name","Description"
"passed","Mon Dec 04 10:14:50 EET 2023","Mon Dec 04 10:15:28 EET 2023","37748","Suite","Liabilities","tests.ABEVerifyCasaCurrentAccountCreationLiabilitiesAndOperationTest","tests.ABEVerifyCasaCurrentAccountCreationLiabilitiesAndOperationTest","ABE_VerifyCaaAccount","Test Case ID: FCB-5804",""
"failed","Mon Dec 04 10:10:28 EET 2023","Mon Dec 04 10:11:06 EET 2023","37930","Suite","Liabilities","tests.ABEVerifyCasaCurrentAccountCreationLiabilitiesAndOperationTest","tests.ABEVerifyCasaCurrentAccountCreationLiabilitiesAndOperationTest","ABE_VerifyCaaAccount","Test Case ID: FCB-5794",""
"passed","Mon Dec 04 09:56:18 EET 2023","Mon Dec 04 09:56:55 EET 2023","36923","Suite","Liabilities","tests.ABECreateCASACurrentAccountLiabilitiesAndOperationTest","tests.ABECreateCASACurrentAccountLiabilitiesAndOperationTest","ABE_OpenCurrentAccount","Test Case ID: FCB-5789",""
"passed","Mon Dec 04 10:00:18 EET 2023","Mon Dec 04 10:00:55 EET 2023","37254","Suite","Liabilities","tests.ABECreateCASACurrentAccountLiabilitiesAndOperationTest","tests.ABECreateCASACurrentAccountLiabilitiesAndOperationTest","ABE_OpenCurrentAccount","Test Case ID: FCB-5799",""
"passed","Mon Dec 04 10:07:12 EET 2023","Mon Dec 04 10:07:49 EET 2023","37651","Suite","Liabilities","tests.ABEVerifyCasaCurrentAccountCreationLiabilitiesAndOperationTest","tests.ABEVerifyCasaCurrentAccountCreationLiabilitiesAndOperationTest","ABE_VerifyCaaAccount","Test Case ID: FCB-5786",""
"passed","Mon Dec 04 10:02:01 EET 2023","Mon Dec 04 10:02:38 EET 2023","37046","Suite","Liabilities","tests.ABECreateCASACurrentAccountLiabilitiesAndOperationTest","tests.ABECreateCASACurrentAccountLiabilitiesAndOperationTest","ABE_OpenCurrentAccount","Test Case ID: FCB-5803",""
"passed","Mon Dec 04 09:50:27 EET 2023","Mon Dec 04 09:51:04 EET 2023","37190","Suite","Liabilities","tests.ABECreateCASACurrentAccountLiabilitiesAndOperationTest","tests.ABECreateCASACurrentAccountLiabilitiesAndOperationTest","ABE_OpenCurrentAccount","Test Case ID: FCB-577",""
"passed","Mon Dec 04 10:08:02 EET 2023","Mon Dec 04 10:08:40 EET 2023","37840","Suite","Liabilities","tests.ABEVerifyCasaCurrentAccountCreationLiabilitiesAndOperationTest","tests.ABEVerifyCasaCurrentAccountCreationLiabilitiesAndOperationTest","ABE_VerifyCaaAccount","Test Case ID: FCB-5788",""
"passed","Mon Dec 04 09:53:58 EET 2023","Mon Dec 04 09:54:29 EET 2023","30434","Suite","Liabilities","tests.ABECreateCASACurrentAccountLiabilitiesAndOperationTest","tests.ABECreateCASACurrentAccountLiabilitiesAndOperationTest","ABE_OpenCurrentAccount","Test Case ID: FCB-5783",""
"passed","Mon Dec 04 09:59:26 EET 2023","Mon Dec 04 10:00:04 EET 2023","37399","Suite","Liabilities","tests.ABECreateCASACurrentAccountLiabilitiesAndOperationTest","tests.ABECreateCASACurrentAccountLiabilitiesAndOperationTest","ABE_OpenCurrentAccount","Test Case ID: FCB-5797",""
"passed","Mon Dec 04 10:08:50 EET 2023","Mon Dec 04 10:09:27 EET 2023","37693","Suite","Liabilities","tests.ABEVerifyCasaCurrentAccountCreationLiabilitiesAndOperationTest","tests.ABEVerifyCasaCurrentAccountCreationLiabilitiesAndOperationTest","ABE_VerifyCaaAccount","Test Case ID: FCB-5790",""
"passed","Mon Dec 04 09:57:57 EET 2023","Mon Dec 04 09:58:33 EET 2023","36111","Suite","Liabilities","tests.ABECreateCASACurrentAccountLiabilitiesAndOperationTest","tests.ABECreateCASACurrentAccountLiabilitiesAndOperationTest","ABE_OpenCurrentAccount","Test Case ID: FCB-5793",""
"failed","Mon Dec 04 10:11:18 EET 2023","Mon Dec 04 10:11:56 EET 2023","37586","Suite","Liabilities","tests.ABEVerifyCasaCurrentAccountCreationLiabilitiesAndOperationTest","tests.ABEVerifyCasaCurrentAccountCreationLiabilitiesAndOperationTest","ABE_VerifyCaaAccount","Test Case ID: FCB-5796",""
"passed","Mon Dec 04 10:01:07 EET 2023","Mon Dec 04 10:01:44 EET 2023","36822","Suite","Liabilities","tests.ABECreateCASACurrentAccountLiabilitiesAndOperationTest","tests.ABECreateCASACurrentAccountLiabilitiesAndOperationTest","ABE_OpenCurrentAccount","Test Case ID: FCB-5801",""
"passed","Mon Dec 04 10:13:01 EET 2023","Mon Dec 04 10:13:41 EET 2023","40005","Suite","Liabilities","tests.ABEVerifyCasaCurrentAccountCreationLiabilitiesAndOperationTest","tests.ABEVerifyCasaCurrentAccountCreationLiabilitiesAndOperationTest","ABE_VerifyCaaAccount","Test Case ID: FCB-5800",""
"passed","Mon Dec 04 10:02:53 EET 2023","Mon Dec 04 10:03:31 EET 2023","38060","Suite","Liabilities","tests.ABEVerifyCasaCurrentAccountCreationLiabilitiesAndOperationTest","tests.ABEVerifyCasaCurrentAccountCreationLiabilitiesAndOperationTest","ABE_VerifyCaaAccount","Test Case ID: FCB-583",""
"passed","Mon Dec 04 09:52:14 EET 2023","Mon Dec 04 09:52:51 EET 2023","36398","Suite","Liabilities","tests.ABECreateCASACurrentAccountLiabilitiesAndOperationTest","tests.ABECreateCASACurrentAccountLiabilitiesAndOperationTest","ABE_OpenCurrentAccount","Test Case ID: FCB-5779",""
"passed","Mon Dec 04 09:57:07 EET 2023","Mon Dec 04 09:57:43 EET 2023","36526","Suite","Liabilities","tests.ABECreateCASACurrentAccountLiabilitiesAndOperationTest","tests.ABECreateCASACurrentAccountLiabilitiesAndOperationTest","ABE_OpenCurrentAccount","Test Case ID: FCB-5791",""
"passed","Mon Dec 04 10:09:37 EET 2023","Mon Dec 04 10:10:15 EET 2023","37704","Suite","Liabilities","tests.ABEVerifyCasaCurrentAccountCreationLiabilitiesAndOperationTest","tests.ABEVerifyCasaCurrentAccountCreationLiabilitiesAndOperationTest","ABE_VerifyCaaAccount","Test Case ID: FCB-5792",""
"passed","Mon Dec 04 10:06:20 EET 2023","Mon Dec 04 10:06:58 EET 2023","37707","Suite","Liabilities","tests.ABEVerifyCasaCurrentAccountCreationLiabilitiesAndOperationTest","tests.ABEVerifyCasaCurrentAccountCreationLiabilitiesAndOperationTest","ABE_VerifyCaaAccount","Test Case ID: FCB-5784",""
"passed","Mon Dec 04 10:05:28 EET 2023","Mon Dec 04 10:06:06 EET 2023","37514","Suite","Liabilities","tests.ABEVerifyCasaCurrentAccountCreationLiabilitiesAndOperationTest","tests.ABEVerifyCasaCurrentAccountCreationLiabilitiesAndOperationTest","ABE_VerifyCaaAccount","Test Case ID: FCB-5782",""
"passed","Mon Dec 04 10:04:34 EET 2023","Mon Dec 04 10:05:15 EET 2023","41001","Suite","Liabilities","tests.ABEVerifyCasaCurrentAccountCreationLiabilitiesAndOperationTest","tests.ABEVerifyCasaCurrentAccountCreationLiabilitiesAndOperationTest","ABE_VerifyCaaAccount","Test Case ID: FCB-5780",""
"passed","Mon Dec 04 09:53:06 EET 2023","Mon Dec 04 09:53:43 EET 2023","36917","Suite","Liabilities","tests.ABECreateCASACurrentAccountLiabilitiesAndOperationTest","tests.ABECreateCASACurrentAccountLiabilitiesAndOperationTest","ABE_OpenCurrentAccount","Test Case ID: FCB-5781",""
"passed","Mon Dec 04 10:03:41 EET 2023","Mon Dec 04 10:04:19 EET 2023","38074","Suite","Liabilities","tests.ABEVerifyCasaCurrentAccountCreationLiabilitiesAndOperationTest","tests.ABEVerifyCasaCurrentAccountCreationLiabilitiesAndOperationTest","ABE_VerifyCaaAccount","Test Case ID: FCB-5778",""
"passed","Mon Dec 04 09:51:22 EET 2023","Mon Dec 04 09:51:59 EET 2023","36734","Suite","Liabilities","tests.ABECreateCASACurrentAccountLiabilitiesAndOperationTest","tests.ABECreateCASACurrentAccountLiabilitiesAndOperationTest","ABE_OpenCurrentAccount","Test Case ID: FCB-5777",""
"passed","Mon Dec 04 09:55:30 EET 2023","Mon Dec 04 09:56:06 EET 2023","36470","Suite","Liabilities","tests.ABECreateCASACurrentAccountLiabilitiesAndOperationTest","tests.ABECreateCASACurrentAccountLiabilitiesAndOperationTest","ABE_OpenCurrentAccount","Test Case ID: FCB-5787",""
"passed","Mon Dec 04 09:54:42 EET 2023","Mon Dec 04 09:55:19 EET 2023","36365","Suite","Liabilities","tests.ABECreateCASACurrentAccountLiabilitiesAndOperationTest","tests.ABECreateCASACurrentAccountLiabilitiesAndOperationTest","ABE_OpenCurrentAccount","Test Case ID: FCB-5785",""
"passed","Mon Dec 04 09:58:45 EET 2023","Mon Dec 04 09:59:14 EET 2023","28423","Suite","Liabilities","tests.ABECreateCASACurrentAccountLiabilitiesAndOperationTest","tests.ABECreateCASACurrentAccountLiabilitiesAndOperationTest","ABE_OpenCurrentAccount","Test Case ID: FCB-5795",""
"passed","Mon Dec 04 10:13:57 EET 2023","Mon Dec 04 10:14:35 EET 2023","37768","Suite","Liabilities","tests.ABEVerifyCasaCurrentAccountCreationLiabilitiesAndOperationTest","tests.ABEVerifyCasaCurrentAccountCreationLiabilitiesAndOperationTest","ABE_VerifyCaaAccount","Test Case ID: FCB-5802",""
"passed","Mon Dec 04 10:12:08 EET 2023","Mon Dec 04 10:12:46 EET 2023","37874","Suite","Liabilities","tests.ABEVerifyCasaCurrentAccountCreationLiabilitiesAndOperationTest","tests.ABEVerifyCasaCurrentAccountCreationLiabilitiesAndOperationTest","ABE_VerifyCaaAccount","Test Case ID: FCB-5798",""
