"Status","Start Time","Stop Time","Duration in ms","Parent Suite","Suite","Sub Suite","Test Class","Test Method","Name","Description"
"passed","Mon Dec 04 12:21:20 EET 2023","Mon Dec 04 12:21:46 EET 2023","25689","Suite","Liabilities","tests.ABEVerifyCASASavingsAccountCreationLiabilitiesAndOperationTest","tests.ABEVerifyCASASavingsAccountCreationLiabilitiesAndOperationTest","ABE_VerifyOfficeAccount","Test Case ID: FCB-5762",""
"passed","Mon Dec 04 12:24:10 EET 2023","Mon Dec 04 12:24:30 EET 2023","19988","Suite","Liabilities","tests.ABEVerifyCASASavingsAccountCreationLiabilitiesAndOperationTest","tests.ABEVerifyCASASavingsAccountCreationLiabilitiesAndOperationTest","ABE_VerifyOfficeAccount","Test Case ID: FCB-5772",""
"passed","Mon Dec 04 12:21:58 EET 2023","Mon Dec 04 12:22:23 EET 2023","25134","Suite","Liabilities","tests.ABEVerifyCASASavingsAccountCreationLiabilitiesAndOperationTest","tests.ABEVerifyCASASavingsAccountCreationLiabilitiesAndOperationTest","ABE_VerifyOfficeAccount","Test Case ID: FCB-5764",""
"passed","Mon Dec 04 12:15:46 EET 2023","Mon Dec 04 12:16:23 EET 2023","37675","Suite","Liabilities","tests.ABECreateCASASavingsAccountLiabilitiesAndOperationTest","tests.ABECreateCASASavingsAccountLiabilitiesAndOperationTest","ABE_OpenSavingsAccount","Test Case ID: FCB-5741",""
"passed","Mon Dec 04 12:16:35 EET 2023","Mon Dec 04 12:17:04 EET 2023","29623","Suite","Liabilities","tests.ABECreateCASASavingsAccountLiabilitiesAndOperationTest","tests.ABECreateCASASavingsAccountLiabilitiesAndOperationTest","ABE_OpenSavingsAccount","Test Case ID: FCB-5743",""
"passed","Mon Dec 04 12:07:21 EET 2023","Mon Dec 04 12:08:00 EET 2023","39129","Suite","Liabilities","tests.ABECreateCASASavingsAccountLiabilitiesAndOperationTest","tests.ABECreateCASASavingsAccountLiabilitiesAndOperationTest","ABE_OpenSavingsAccount","Test Case ID: FCB-5747",""
"passed","Mon Dec 04 12:22:34 EET 2023","Mon Dec 04 12:22:59 EET 2023","25227","Suite","Liabilities","tests.ABEVerifyCASASavingsAccountCreationLiabilitiesAndOperationTest","tests.ABEVerifyCASASavingsAccountCreationLiabilitiesAndOperationTest","ABE_VerifyOfficeAccount","Test Case ID: FCB-5766",""
"failed","Mon Dec 04 12:25:43 EET 2023","Mon Dec 04 12:26:40 EET 2023","57133","Suite","Liabilities","tests.ABEVerifyCASASavingsAccountCreationLiabilitiesAndOperationTest","tests.ABEVerifyCASASavingsAccountCreationLiabilitiesAndOperationTest","ABE_VerifyOfficeAccount","Test Case ID: FCB-5776",""
"passed","Mon Dec 04 12:11:38 EET 2023","Mon Dec 04 12:12:16 EET 2023","38076","Suite","Liabilities","tests.ABECreateCASASavingsAccountLiabilitiesAndOperationTest","tests.ABECreateCASASavingsAccountLiabilitiesAndOperationTest","ABE_OpenSavingsAccount","Test Case ID: FCB-5769",""
"passed","Mon Dec 04 12:09:53 EET 2023","Mon Dec 04 12:10:30 EET 2023","37773","Suite","Liabilities","tests.ABECreateCASASavingsAccountLiabilitiesAndOperationTest","tests.ABECreateCASASavingsAccountLiabilitiesAndOperationTest","ABE_OpenSavingsAccount","Test Case ID: FCB-5765",""
"passed","Mon Dec 04 12:19:28 EET 2023","Mon Dec 04 12:19:53 EET 2023","25537","Suite","Liabilities","tests.ABEVerifyCASASavingsAccountCreationLiabilitiesAndOperationTest","tests.ABEVerifyCASASavingsAccountCreationLiabilitiesAndOperationTest","ABE_VerifyOfficeAccount","Test Case ID: FCB-5744",""
"passed","Mon Dec 04 12:18:53 EET 2023","Mon Dec 04 12:19:19 EET 2023","25611","Suite","Liabilities","tests.ABEVerifyCASASavingsAccountCreationLiabilitiesAndOperationTest","tests.ABEVerifyCASASavingsAccountCreationLiabilitiesAndOperationTest","ABE_VerifyOfficeAccount","Test Case ID: FCB-5742",""
"passed","Mon Dec 04 12:18:15 EET 2023","Mon Dec 04 12:18:40 EET 2023","25371","Suite","Liabilities","tests.ABEVerifyCASASavingsAccountCreationLiabilitiesAndOperationTest","tests.ABEVerifyCASASavingsAccountCreationLiabilitiesAndOperationTest","ABE_VerifyOfficeAccount","Test Case ID: FCB-582",""
"passed","Mon Dec 04 12:20:04 EET 2023","Mon Dec 04 12:20:30 EET 2023","26026","Suite","Liabilities","tests.ABEVerifyCASASavingsAccountCreationLiabilitiesAndOperationTest","tests.ABEVerifyCASASavingsAccountCreationLiabilitiesAndOperationTest","ABE_VerifyOfficeAccount","Test Case ID: FCB-5746",""
"passed","Mon Dec 04 12:14:57 EET 2023","Mon Dec 04 12:15:34 EET 2023","37542","Suite","Liabilities","tests.ABECreateCASASavingsAccountLiabilitiesAndOperationTest","tests.ABECreateCASASavingsAccountLiabilitiesAndOperationTest","ABE_OpenSavingsAccount","Test Case ID: FCB-576",""
"passed","Mon Dec 04 12:24:40 EET 2023","Mon Dec 04 12:25:30 EET 2023","50188","Suite","Liabilities","tests.ABEVerifyCASASavingsAccountCreationLiabilitiesAndOperationTest","tests.ABEVerifyCASASavingsAccountCreationLiabilitiesAndOperationTest","ABE_VerifyOfficeAccount","Test Case ID: FCB-5774",""
"passed","Mon Dec 04 12:14:04 EET 2023","Mon Dec 04 12:14:41 EET 2023","37462","Suite","Liabilities","tests.ABECreateCASASavingsAccountLiabilitiesAndOperationTest","tests.ABECreateCASASavingsAccountLiabilitiesAndOperationTest","ABE_OpenSavingsAccount","Test Case ID: FCB-5775",""
"passed","Mon Dec 04 12:12:28 EET 2023","Mon Dec 04 12:13:06 EET 2023","38461","Suite","Liabilities","tests.ABECreateCASASavingsAccountLiabilitiesAndOperationTest","tests.ABECreateCASASavingsAccountLiabilitiesAndOperationTest","ABE_OpenSavingsAccount","Test Case ID: FCB-5771",""
"passed","Mon Dec 04 12:10:43 EET 2023","Mon Dec 04 12:11:21 EET 2023","37817","Suite","Liabilities","tests.ABECreateCASASavingsAccountLiabilitiesAndOperationTest","tests.ABECreateCASASavingsAccountLiabilitiesAndOperationTest","ABE_OpenSavingsAccount","Test Case ID: FCB-5767",""
"passed","Mon Dec 04 12:23:10 EET 2023","Mon Dec 04 12:23:30 EET 2023","20115","Suite","Liabilities","tests.ABEVerifyCASASavingsAccountCreationLiabilitiesAndOperationTest","tests.ABEVerifyCASASavingsAccountCreationLiabilitiesAndOperationTest","ABE_VerifyOfficeAccount","Test Case ID: FCB-5768",""
"passed","Mon Dec 04 12:08:58 EET 2023","Mon Dec 04 12:09:39 EET 2023","40898","Suite","Liabilities","tests.ABECreateCASASavingsAccountLiabilitiesAndOperationTest","tests.ABECreateCASASavingsAccountLiabilitiesAndOperationTest","ABE_OpenSavingsAccount","Test Case ID: FCB-5763",""
"passed","Mon Dec 04 12:17:16 EET 2023","Mon Dec 04 12:17:54 EET 2023","37733","Suite","Liabilities","tests.ABECreateCASASavingsAccountLiabilitiesAndOperationTest","tests.ABECreateCASASavingsAccountLiabilitiesAndOperationTest","ABE_OpenSavingsAccount","Test Case ID: FCB-5745",""
"passed","Mon Dec 04 12:20:45 EET 2023","Mon Dec 04 12:21:11 EET 2023","25501","Suite","Liabilities","tests.ABEVerifyCASASavingsAccountCreationLiabilitiesAndOperationTest","tests.ABEVerifyCASASavingsAccountCreationLiabilitiesAndOperationTest","ABE_VerifyOfficeAccount","Test Case ID: FCB-5748",""
"passed","Mon Dec 04 12:13:21 EET 2023","Mon Dec 04 12:13:51 EET 2023","29821","Suite","Liabilities","tests.ABECreateCASASavingsAccountLiabilitiesAndOperationTest","tests.ABECreateCASASavingsAccountLiabilitiesAndOperationTest","ABE_OpenSavingsAccount","Test Case ID: FCB-5773",""
"passed","Mon Dec 04 12:08:13 EET 2023","Mon Dec 04 12:08:45 EET 2023","31915","Suite","Liabilities","tests.ABECreateCASASavingsAccountLiabilitiesAndOperationTest","tests.ABECreateCASASavingsAccountLiabilitiesAndOperationTest","ABE_OpenSavingsAccount","Test Case ID: FCB-5761",""
"passed","Mon Dec 04 12:23:40 EET 2023","Mon Dec 04 12:24:00 EET 2023","19404","Suite","Liabilities","tests.ABEVerifyCASASavingsAccountCreationLiabilitiesAndOperationTest","tests.ABEVerifyCASASavingsAccountCreationLiabilitiesAndOperationTest","ABE_VerifyOfficeAccount","Test Case ID: FCB-5770",""
