"Status","Start Time","Stop Time","Duration in ms","Parent Suite","Suite","Sub Suite","Test Class","Test Method","Name","Description"
"passed","Mon Dec 25 12:50:10 EET 2023","Mon Dec 25 12:50:57 EET 2023","46944","Suite","Over Draft Account","tests.ABEModifyOVDTest","tests.ABEModifyOVDTest","modifyOverDraftAccount","modifyOverDraftAccount",""
"passed","Mon Dec 25 13:12:37 EET 2023","Mon Dec 25 13:13:26 EET 2023","49530","Suite","Over Draft Account","tests.ABEVerifyOVDTest","tests.ABEVerifyOVDTest","verifyOverDraftAccount","verifyOverDraftAccount",""
"passed","Mon Dec 25 12:29:50 EET 2023","Mon Dec 25 12:31:34 EET 2023","104037","Suite","Over Draft Account","tests.ABEOpenOVDTest","tests.ABEOpenOVDTest","openOverDraftAccount","openOverDraftAccount",""
"passed","Mon Dec 25 13:13:31 EET 2023","Mon Dec 25 13:14:21 EET 2023","49347","Suite","Over Draft Account","tests.ABEVerifyOVDTest","tests.ABEVerifyOVDTest","verifyOverDraftAccount","verifyOverDraftAccount",""
"passed","Mon Dec 25 13:08:56 EET 2023","Mon Dec 25 13:09:46 EET 2023","50020","Suite","Over Draft Account","tests.ABEVerifyOVDTest","tests.ABEVerifyOVDTest","verifyOverDraftAccount","verifyOverDraftAccount",""
"passed","Mon Dec 25 12:24:18 EET 2023","Mon Dec 25 12:25:25 EET 2023","66674","Suite (0)","Issue Outward and Inward LG Trade Finance","tests.ABEAddInwardGuaranteeTest","tests.ABEAddInwardGuaranteeTest","addInwardGuarantee","addInwardGuarantee",""
"passed","Mon Dec 25 12:27:58 EET 2023","Mon Dec 25 12:29:44 EET 2023","105892","Suite","Over Draft Account","tests.ABEOpenOVDTest","tests.ABEOpenOVDTest","openOverDraftAccount","openOverDraftAccount",""
"passed","Mon Dec 25 12:31:43 EET 2023","Mon Dec 25 12:33:30 EET 2023","107288","Suite","Over Draft Account","tests.ABEOpenOVDTest","tests.ABEOpenOVDTest","openOverDraftAccount","openOverDraftAccount",""
"passed","Mon Dec 25 12:50:04 EET 2023","Mon Dec 25 12:50:54 EET 2023","50046","Suite (0)","Issue Outward and Inward LG Trade Finance","tests.ABEVerifyOutwardLGTradeFinanceTest","tests.ABEVerifyOutwardLGTradeFinanceTest","verifyOutwardLGTradeFinance","verifyOutwardLGTradeFinance",""
"passed","Mon Dec 25 13:04:21 EET 2023","Mon Dec 25 13:05:11 EET 2023","49819","Suite","Over Draft Account","tests.ABEVerifyOVDTest","tests.ABEVerifyOVDTest","verifyOverDraftAccount","verifyOverDraftAccount",""
"passed","Mon Dec 25 12:22:17 EET 2023","Mon Dec 25 12:24:04 EET 2023","106568","Suite","Over Draft Account","tests.ABEOpenOVDTest","tests.ABEOpenOVDTest","openOverDraftAccount","openOverDraftAccount",""
"passed","Mon Dec 25 12:51:58 EET 2023","Mon Dec 25 12:52:49 EET 2023","51424","Suite","Over Draft Account","tests.ABEModifyOVDTest","tests.ABEModifyOVDTest","modifyOverDraftAccount","modifyOverDraftAccount",""
"passed","Mon Dec 25 12:44:45 EET 2023","Mon Dec 25 12:46:28 EET 2023","103593","Suite","Over Draft Account","tests.ABEOpenOVDTest","tests.ABEOpenOVDTest","openOverDraftAccount","openOverDraftAccount",""
"passed","Mon Dec 25 13:05:16 EET 2023","Mon Dec 25 13:06:06 EET 2023","49719","Suite","Over Draft Account","tests.ABEVerifyOVDTest","tests.ABEVerifyOVDTest","verifyOverDraftAccount","verifyOverDraftAccount",""
"passed","Mon Dec 25 12:34:38 EET 2023","Mon Dec 25 12:35:26 EET 2023","47969","Suite (0)","Issue Outward and Inward LG Trade Finance","tests.ABEVerifyInwardGuaranteeTest","tests.ABEVerifyInwardGuaranteeTest","verifyInwardGuarantee","verifyInwardGuarantee",""
"passed","Mon Dec 25 12:58:27 EET 2023","Mon Dec 25 12:59:14 EET 2023","47176","Suite","Over Draft Account","tests.ABEModifyOVDTest","tests.ABEModifyOVDTest","modifyOverDraftAccount","modifyOverDraftAccount",""
"passed","Mon Dec 25 12:28:40 EET 2023","Mon Dec 25 12:29:28 EET 2023","48381","Suite (0)","Issue Outward and Inward LG Trade Finance","tests.ABEVerifyInwardGuaranteeTest","tests.ABEVerifyInwardGuaranteeTest","verifyInwardGuarantee","verifyInwardGuarantee",""
"passed","Mon Dec 25 12:20:22 EET 2023","Mon Dec 25 12:22:11 EET 2023","108464","Suite","Over Draft Account","tests.ABEOpenOVDTest","tests.ABEOpenOVDTest","openOverDraftAccount","openOverDraftAccount",""
"passed","Mon Dec 25 13:00:28 EET 2023","Mon Dec 25 13:01:18 EET 2023","49890","Suite","Over Draft Account","tests.ABEVerifyOVDTest","tests.ABEVerifyOVDTest","verifyOverDraftAccount","verifyOverDraftAccount",""
"passed","Mon Dec 25 12:46:34 EET 2023","Mon Dec 25 12:47:21 EET 2023","46842","Suite","Over Draft Account","tests.ABEModifyOVDTest","tests.ABEModifyOVDTest","modifyOverDraftAccount","modifyOverDraftAccount",""
"passed","Mon Dec 25 12:19:27 EET 2023","Mon Dec 25 12:20:28 EET 2023","60615","Suite (0)","Issue Outward and Inward LG Trade Finance","tests.ABEAddInwardGuaranteeTest","tests.ABEAddInwardGuaranteeTest","addInwardGuarantee","addInwardGuarantee",""
"passed","Mon Dec 25 12:21:46 EET 2023","Mon Dec 25 12:22:54 EET 2023","68081","Suite (0)","Issue Outward and Inward LG Trade Finance","tests.ABEAddInwardGuaranteeTest","tests.ABEAddInwardGuaranteeTest","addInwardGuarantee","addInwardGuarantee",""
"passed","Mon Dec 25 13:09:52 EET 2023","Mon Dec 25 13:10:41 EET 2023","49341","Suite","Over Draft Account","tests.ABEVerifyOVDTest","tests.ABEVerifyOVDTest","verifyOverDraftAccount","verifyOverDraftAccount",""
"passed","Mon Dec 25 12:31:42 EET 2023","Mon Dec 25 12:32:34 EET 2023","52908","Suite (0)","Issue Outward and Inward LG Trade Finance","tests.ABEVerifyInwardGuaranteeTest","tests.ABEVerifyInwardGuaranteeTest","verifyInwardGuarantee","verifyInwardGuarantee",""
"passed","Mon Dec 25 12:51:04 EET 2023","Mon Dec 25 12:51:51 EET 2023","46498","Suite","Over Draft Account","tests.ABEModifyOVDTest","tests.ABEModifyOVDTest","modifyOverDraftAccount","modifyOverDraftAccount",""
"passed","Mon Dec 25 12:57:29 EET 2023","Mon Dec 25 12:58:21 EET 2023","51821","Suite","Over Draft Account","tests.ABEModifyOVDTest","tests.ABEModifyOVDTest","modifyOverDraftAccount","modifyOverDraftAccount",""
"passed","Mon Dec 25 12:47:30 EET 2023","Mon Dec 25 12:48:17 EET 2023","47132","Suite","Over Draft Account","tests.ABEModifyOVDTest","tests.ABEModifyOVDTest","modifyOverDraftAccount","modifyOverDraftAccount",""
"passed","Mon Dec 25 12:32:40 EET 2023","Mon Dec 25 12:33:32 EET 2023","52202","Suite (0)","Issue Outward and Inward LG Trade Finance","tests.ABEVerifyInwardGuaranteeTest","tests.ABEVerifyInwardGuaranteeTest","verifyInwardGuarantee","verifyInwardGuarantee",""
"passed","Mon Dec 25 12:18:19 EET 2023","Mon Dec 25 12:19:12 EET 2023","52500","Suite (0)","Issue Outward and Inward LG Trade Finance","tests.ABEAddInwardGuaranteeTest","tests.ABEAddInwardGuaranteeTest","addInwardGuarantee","addInwardGuarantee",""
"passed","Mon Dec 25 12:18:19 EET 2023","Mon Dec 25 12:20:06 EET 2023","106786","Suite","Over Draft Account","tests.ABEOpenOVDTest","tests.ABEOpenOVDTest","openOverDraftAccount","openOverDraftAccount",""
"passed","Mon Dec 25 12:55:38 EET 2023","Mon Dec 25 12:56:24 EET 2023","46829","Suite","Over Draft Account","tests.ABEModifyOVDTest","tests.ABEModifyOVDTest","modifyOverDraftAccount","modifyOverDraftAccount",""
"passed","Mon Dec 25 12:54:55 EET 2023","Mon Dec 25 12:55:50 EET 2023","54915","Suite (0)","Issue Outward and Inward LG Trade Finance","tests.ABEVerifyOutwardLGTradeFinanceTest","tests.ABEVerifyOutwardLGTradeFinanceTest","verifyOutwardLGTradeFinance","verifyOutwardLGTradeFinance",""
"passed","Mon Dec 25 12:20:33 EET 2023","Mon Dec 25 12:21:40 EET 2023","66973","Suite (0)","Issue Outward and Inward LG Trade Finance","tests.ABEAddInwardGuaranteeTest","tests.ABEAddInwardGuaranteeTest","addInwardGuarantee","addInwardGuarantee",""
"passed","Mon Dec 25 13:08:01 EET 2023","Mon Dec 25 13:08:50 EET 2023","49806","Suite","Over Draft Account","tests.ABEVerifyOVDTest","tests.ABEVerifyOVDTest","verifyOverDraftAccount","verifyOverDraftAccount",""
"passed","Mon Dec 25 12:54:44 EET 2023","Mon Dec 25 12:55:30 EET 2023","46579","Suite","Over Draft Account","tests.ABEModifyOVDTest","tests.ABEModifyOVDTest","modifyOverDraftAccount","modifyOverDraftAccount",""
"passed","Mon Dec 25 12:52:03 EET 2023","Mon Dec 25 12:52:57 EET 2023","54277","Suite (0)","Issue Outward and Inward LG Trade Finance","tests.ABEVerifyOutwardLGTradeFinanceTest","tests.ABEVerifyOutwardLGTradeFinanceTest","verifyOutwardLGTradeFinance","verifyOutwardLGTradeFinance",""
"passed","Mon Dec 25 12:48:23 EET 2023","Mon Dec 25 12:49:10 EET 2023","46877","Suite","Over Draft Account","tests.ABEModifyOVDTest","tests.ABEModifyOVDTest","modifyOverDraftAccount","modifyOverDraftAccount",""
"passed","Mon Dec 25 12:56:55 EET 2023","Mon Dec 25 12:57:49 EET 2023","54517","Suite (0)","Issue Outward and Inward LG Trade Finance","tests.ABEVerifyOutwardLGTradeFinanceTest","tests.ABEVerifyOutwardLGTradeFinanceTest","verifyOutwardLGTradeFinance","verifyOutwardLGTradeFinance",""
"passed","Mon Dec 25 12:33:37 EET 2023","Mon Dec 25 12:35:23 EET 2023","105933","Suite","Over Draft Account","tests.ABEOpenOVDTest","tests.ABEOpenOVDTest","openOverDraftAccount","openOverDraftAccount",""
"passed","Mon Dec 25 12:51:00 EET 2023","Mon Dec 25 12:51:55 EET 2023","55145","Suite (0)","Issue Outward and Inward LG Trade Finance","tests.ABEVerifyOutwardLGTradeFinanceTest","tests.ABEVerifyOutwardLGTradeFinanceTest","verifyOutwardLGTradeFinance","verifyOutwardLGTradeFinance",""
"passed","Mon Dec 25 12:38:54 EET 2023","Mon Dec 25 12:39:50 EET 2023","55793","Suite (0)","Issue Outward and Inward LG Trade Finance","tests.ABEIssueOutwardLGTradeFinanceTest","tests.ABEIssueOutwardLGTradeFinanceTest","issueOutwardPaymentLGTradeFinance","issueOutwardPaymentLGTradeFinance",""
"passed","Mon Dec 25 13:10:46 EET 2023","Mon Dec 25 13:11:36 EET 2023","49577","Suite","Over Draft Account","tests.ABEVerifyOVDTest","tests.ABEVerifyOVDTest","verifyOverDraftAccount","verifyOverDraftAccount",""
"passed","Mon Dec 25 12:43:46 EET 2023","Mon Dec 25 12:44:42 EET 2023","56344","Suite (0)","Issue Outward and Inward LG Trade Finance","tests.ABEIssueOutwardLGTradeFinanceTest","tests.ABEIssueOutwardLGTradeFinanceTest","issueOutwardPaymentLGTradeFinance","issueOutwardPaymentLGTradeFinance",""
"passed","Mon Dec 25 12:26:29 EET 2023","Mon Dec 25 12:27:22 EET 2023","52373","Suite (0)","Issue Outward and Inward LG Trade Finance","tests.ABEAddInwardGuaranteeTest","tests.ABEAddInwardGuaranteeTest","addInwardGuarantee","addInwardGuarantee",""
"passed","Mon Dec 25 12:55:59 EET 2023","Mon Dec 25 12:56:48 EET 2023","49616","Suite (0)","Issue Outward and Inward LG Trade Finance","tests.ABEVerifyOutwardLGTradeFinanceTest","tests.ABEVerifyOutwardLGTradeFinanceTest","verifyOutwardLGTradeFinance","verifyOutwardLGTradeFinance",""
"passed","Mon Dec 25 12:41:15 EET 2023","Mon Dec 25 12:42:25 EET 2023","70357","Suite (0)","Issue Outward and Inward LG Trade Finance","tests.ABEIssueOutwardLGTradeFinanceTest","tests.ABEIssueOutwardLGTradeFinanceTest","issueOutwardPaymentLGTradeFinance","issueOutwardPaymentLGTradeFinance",""
"passed","Mon Dec 25 12:35:34 EET 2023","Mon Dec 25 12:36:22 EET 2023","48572","Suite (0)","Issue Outward and Inward LG Trade Finance","tests.ABEVerifyInwardGuaranteeTest","tests.ABEVerifyInwardGuaranteeTest","verifyInwardGuarantee","verifyInwardGuarantee",""
"passed","Mon Dec 25 12:53:04 EET 2023","Mon Dec 25 12:53:52 EET 2023","48062","Suite (0)","Issue Outward and Inward LG Trade Finance","tests.ABEVerifyOutwardLGTradeFinanceTest","tests.ABEVerifyOutwardLGTradeFinanceTest","verifyOutwardLGTradeFinance","verifyOutwardLGTradeFinance",""
"passed","Mon Dec 25 12:24:10 EET 2023","Mon Dec 25 12:26:00 EET 2023","110214","Suite","Over Draft Account","tests.ABEOpenOVDTest","tests.ABEOpenOVDTest","openOverDraftAccount","openOverDraftAccount",""
"passed","Mon Dec 25 13:06:11 EET 2023","Mon Dec 25 13:07:01 EET 2023","49530","Suite","Over Draft Account","tests.ABEVerifyOVDTest","tests.ABEVerifyOVDTest","verifyOverDraftAccount","verifyOverDraftAccount",""
"passed","Mon Dec 25 12:47:12 EET 2023","Mon Dec 25 12:48:24 EET 2023","71220","Suite (0)","Issue Outward and Inward LG Trade Finance","tests.ABEIssueOutwardLGTradeFinanceTest","tests.ABEIssueOutwardLGTradeFinanceTest","issueOutwardPaymentLGTradeFinance","issueOutwardPaymentLGTradeFinance",""
"broken","Mon Dec 25 12:48:29 EET 2023","Mon Dec 25 12:49:49 EET 2023","80187","Suite (0)","Issue Outward and Inward LG Trade Finance","tests.ABEVerifyOutwardLGTradeFinanceTest","tests.ABEVerifyOutwardLGTradeFinanceTest","verifyOutwardLGTradeFinance","verifyOutwardLGTradeFinance",""
"passed","Mon Dec 25 12:42:55 EET 2023","Mon Dec 25 12:44:39 EET 2023","103867","Suite","Over Draft Account","tests.ABEOpenOVDTest","tests.ABEOpenOVDTest","openOverDraftAccount","openOverDraftAccount",""
"passed","Mon Dec 25 13:02:31 EET 2023","Mon Dec 25 13:03:20 EET 2023","49714","Suite","Over Draft Account","tests.ABEVerifyOVDTest","tests.ABEVerifyOVDTest","verifyOverDraftAccount","verifyOverDraftAccount",""
"passed","Mon Dec 25 12:25:30 EET 2023","Mon Dec 25 12:26:23 EET 2023","53120","Suite (0)","Issue Outward and Inward LG Trade Finance","tests.ABEAddInwardGuaranteeTest","tests.ABEAddInwardGuaranteeTest","addInwardGuarantee","addInwardGuarantee",""
"passed","Mon Dec 25 12:30:40 EET 2023","Mon Dec 25 12:31:33 EET 2023","52508","Suite (0)","Issue Outward and Inward LG Trade Finance","tests.ABEVerifyInwardGuaranteeTest","tests.ABEVerifyInwardGuaranteeTest","verifyInwardGuarantee","verifyInwardGuarantee",""
"passed","Mon Dec 25 12:36:28 EET 2023","Mon Dec 25 12:37:20 EET 2023","51893","Suite (0)","Issue Outward and Inward LG Trade Finance","tests.ABEVerifyInwardGuaranteeTest","tests.ABEVerifyInwardGuaranteeTest","verifyInwardGuarantee","verifyInwardGuarantee",""
"passed","Mon Dec 25 13:11:41 EET 2023","Mon Dec 25 13:12:31 EET 2023","49581","Suite","Over Draft Account","tests.ABEVerifyOVDTest","tests.ABEVerifyOVDTest","verifyOverDraftAccount","verifyOverDraftAccount",""
"passed","Mon Dec 25 12:37:27 EET 2023","Mon Dec 25 12:38:39 EET 2023","71819","Suite (0)","Issue Outward and Inward LG Trade Finance","tests.ABEIssueOutwardLGTradeFinanceTest","tests.ABEIssueOutwardLGTradeFinanceTest","issueOutwardPaymentLGTradeFinance","issueOutwardPaymentLGTradeFinance",""
"passed","Mon Dec 25 12:39:55 EET 2023","Mon Dec 25 12:41:07 EET 2023","71678","Suite (0)","Issue Outward and Inward LG Trade Finance","tests.ABEIssueOutwardLGTradeFinanceTest","tests.ABEIssueOutwardLGTradeFinanceTest","issueOutwardPaymentLGTradeFinance","issueOutwardPaymentLGTradeFinance",""
"passed","Mon Dec 25 12:23:00 EET 2023","Mon Dec 25 12:24:08 EET 2023","67375","Suite (0)","Issue Outward and Inward LG Trade Finance","tests.ABEAddInwardGuaranteeTest","tests.ABEAddInwardGuaranteeTest","addInwardGuarantee","addInwardGuarantee",""
"passed","Mon Dec 25 13:07:06 EET 2023","Mon Dec 25 13:07:56 EET 2023","49576","Suite","Over Draft Account","tests.ABEVerifyOVDTest","tests.ABEVerifyOVDTest","verifyOverDraftAccount","verifyOverDraftAccount",""
"passed","Mon Dec 25 12:44:50 EET 2023","Mon Dec 25 12:46:03 EET 2023","72508","Suite (0)","Issue Outward and Inward LG Trade Finance","tests.ABEIssueOutwardLGTradeFinanceTest","tests.ABEIssueOutwardLGTradeFinanceTest","issueOutwardPaymentLGTradeFinance","issueOutwardPaymentLGTradeFinance",""
"passed","Mon Dec 25 13:01:34 EET 2023","Mon Dec 25 13:02:24 EET 2023","50126","Suite","Over Draft Account","tests.ABEVerifyOVDTest","tests.ABEVerifyOVDTest","verifyOverDraftAccount","verifyOverDraftAccount",""
"passed","Mon Dec 25 12:52:56 EET 2023","Mon Dec 25 12:53:43 EET 2023","47877","Suite","Over Draft Account","tests.ABEModifyOVDTest","tests.ABEModifyOVDTest","modifyOverDraftAccount","modifyOverDraftAccount",""
"passed","Mon Dec 25 12:35:31 EET 2023","Mon Dec 25 12:37:15 EET 2023","103942","Suite","Over Draft Account","tests.ABEOpenOVDTest","tests.ABEOpenOVDTest","openOverDraftAccount","openOverDraftAccount",""
"passed","Mon Dec 25 12:53:50 EET 2023","Mon Dec 25 12:54:37 EET 2023","46724","Suite","Over Draft Account","tests.ABEModifyOVDTest","tests.ABEModifyOVDTest","modifyOverDraftAccount","modifyOverDraftAccount",""
"passed","Mon Dec 25 12:49:17 EET 2023","Mon Dec 25 12:50:03 EET 2023","46721","Suite","Over Draft Account","tests.ABEModifyOVDTest","tests.ABEModifyOVDTest","modifyOverDraftAccount","modifyOverDraftAccount",""
"passed","Mon Dec 25 12:42:31 EET 2023","Mon Dec 25 12:43:41 EET 2023","70347","Suite (0)","Issue Outward and Inward LG Trade Finance","tests.ABEIssueOutwardLGTradeFinanceTest","tests.ABEIssueOutwardLGTradeFinanceTest","issueOutwardPaymentLGTradeFinance","issueOutwardPaymentLGTradeFinance",""
"passed","Mon Dec 25 12:53:58 EET 2023","Mon Dec 25 12:54:48 EET 2023","50119","Suite (0)","Issue Outward and Inward LG Trade Finance","tests.ABEVerifyOutwardLGTradeFinanceTest","tests.ABEVerifyOutwardLGTradeFinanceTest","verifyOutwardLGTradeFinance","verifyOutwardLGTradeFinance",""
"passed","Mon Dec 25 12:27:27 EET 2023","Mon Dec 25 12:28:34 EET 2023","66926","Suite (0)","Issue Outward and Inward LG Trade Finance","tests.ABEAddInwardGuaranteeTest","tests.ABEAddInwardGuaranteeTest","addInwardGuarantee","addInwardGuarantee",""
"passed","Mon Dec 25 13:03:26 EET 2023","Mon Dec 25 13:04:16 EET 2023","49636","Suite","Over Draft Account","tests.ABEVerifyOVDTest","tests.ABEVerifyOVDTest","verifyOverDraftAccount","verifyOverDraftAccount",""
"passed","Mon Dec 25 12:59:21 EET 2023","Mon Dec 25 13:00:12 EET 2023","51467","Suite","Over Draft Account","tests.ABEModifyOVDTest","tests.ABEModifyOVDTest","modifyOverDraftAccount","modifyOverDraftAccount",""
"passed","Mon Dec 25 12:37:21 EET 2023","Mon Dec 25 12:39:05 EET 2023","104343","Suite","Over Draft Account","tests.ABEOpenOVDTest","tests.ABEOpenOVDTest","openOverDraftAccount","openOverDraftAccount",""
"passed","Mon Dec 25 12:46:08 EET 2023","Mon Dec 25 12:47:05 EET 2023","57164","Suite (0)","Issue Outward and Inward LG Trade Finance","tests.ABEIssueOutwardLGTradeFinanceTest","tests.ABEIssueOutwardLGTradeFinanceTest","issueOutwardPaymentLGTradeFinance","issueOutwardPaymentLGTradeFinance",""
"passed","Mon Dec 25 12:39:12 EET 2023","Mon Dec 25 12:40:56 EET 2023","104087","Suite","Over Draft Account","tests.ABEOpenOVDTest","tests.ABEOpenOVDTest","openOverDraftAccount","openOverDraftAccount",""
"passed","Mon Dec 25 12:33:41 EET 2023","Mon Dec 25 12:34:33 EET 2023","52013","Suite (0)","Issue Outward and Inward LG Trade Finance","tests.ABEVerifyInwardGuaranteeTest","tests.ABEVerifyInwardGuaranteeTest","verifyInwardGuarantee","verifyInwardGuarantee",""
"passed","Mon Dec 25 12:41:02 EET 2023","Mon Dec 25 12:42:46 EET 2023","103873","Suite","Over Draft Account","tests.ABEOpenOVDTest","tests.ABEOpenOVDTest","openOverDraftAccount","openOverDraftAccount",""
"passed","Mon Dec 25 12:29:44 EET 2023","Mon Dec 25 12:30:35 EET 2023","51220","Suite (0)","Issue Outward and Inward LG Trade Finance","tests.ABEVerifyInwardGuaranteeTest","tests.ABEVerifyInwardGuaranteeTest","verifyInwardGuarantee","verifyInwardGuarantee",""
"passed","Mon Dec 25 12:56:31 EET 2023","Mon Dec 25 12:57:22 EET 2023","51391","Suite","Over Draft Account","tests.ABEModifyOVDTest","tests.ABEModifyOVDTest","modifyOverDraftAccount","modifyOverDraftAccount",""
"passed","Mon Dec 25 12:26:06 EET 2023","Mon Dec 25 12:27:52 EET 2023","106184","Suite","Over Draft Account","tests.ABEOpenOVDTest","tests.ABEOpenOVDTest","openOverDraftAccount","openOverDraftAccount",""
