"Status","Start Time","Stop Time","Duration in ms","Parent Suite","Suite","Sub Suite","Test Class","Test Method","Name","Description"
"passed","Mon Dec 04 15:41:57 EET 2023","Mon Dec 04 15:42:37 EET 2023","39840","Suite","Liabilities","tests.ABETellerOperationTransferLiabilitiesAndOperationTest","tests.ABETellerOperationTransferLiabilitiesAndOperationTest","ABE_tellerTransfer","Test Case ID: FCB-2007",""
"passed","Mon Dec 04 15:45:05 EET 2023","Mon Dec 04 15:45:45 EET 2023","39867","Suite","Liabilities","tests.ABETellerOperationTransferLiabilitiesAndOperationTest","tests.ABETellerOperationTransferLiabilitiesAndOperationTest","ABE_tellerTransfer","Test Case ID: FCB-2164",""
"passed","Mon Dec 04 15:37:10 EET 2023","Mon Dec 04 15:37:50 EET 2023","39600","Suite","Liabilities","tests.ABETellerOperationTransferLiabilitiesAndOperationTest","tests.ABETellerOperationTransferLiabilitiesAndOperationTest","ABE_tellerTransfer","Test Case ID: FCB-2041",""
"passed","Mon Dec 04 15:46:41 EET 2023","Mon Dec 04 15:47:15 EET 2023","34395","Suite","Liabilities","tests.ABETellerOperationTransferLiabilitiesAndOperationTest","tests.ABETellerOperationTransferLiabilitiesAndOperationTest","ABE_tellerTransfer","Test Case ID: FCB-2166",""
"passed","Mon Dec 04 15:45:52 EET 2023","Mon Dec 04 15:46:32 EET 2023","39866","Suite","Liabilities","tests.ABETellerOperationTransferLiabilitiesAndOperationTest","tests.ABETellerOperationTransferLiabilitiesAndOperationTest","ABE_tellerTransfer","Test Case ID: FCB-2165",""
"passed","Mon Dec 04 15:32:35 EET 2023","Mon Dec 04 15:33:15 EET 2023","39881","Suite","Liabilities","tests.ABETellerOperationTransferLiabilitiesAndOperationTest","tests.ABETellerOperationTransferLiabilitiesAndOperationTest","ABE_tellerTransfer","Test Case ID: FCB-2035",""
"passed","Mon Dec 04 15:42:46 EET 2023","Mon Dec 04 15:43:25 EET 2023","39386","Suite","Liabilities","tests.ABETellerOperationTransferLiabilitiesAndOperationTest","tests.ABETellerOperationTransferLiabilitiesAndOperationTest","ABE_tellerTransfer","Test Case ID: FCB-2008",""
"passed","Mon Dec 04 15:34:47 EET 2023","Mon Dec 04 15:35:27 EET 2023","39616","Suite","Liabilities","tests.ABETellerOperationTransferLiabilitiesAndOperationTest","tests.ABETellerOperationTransferLiabilitiesAndOperationTest","ABE_tellerTransfer","Test Case ID: FCB-2100",""
"passed","Mon Dec 04 15:39:33 EET 2023","Mon Dec 04 15:40:13 EET 2023","39847","Suite","Liabilities","tests.ABETellerOperationTransferLiabilitiesAndOperationTest","tests.ABETellerOperationTransferLiabilitiesAndOperationTest","ABE_tellerTransfer","Test Case ID: FCB-1976",""
"passed","Mon Dec 04 15:37:57 EET 2023","Mon Dec 04 15:38:37 EET 2023","39757","Suite","Liabilities","tests.ABETellerOperationTransferLiabilitiesAndOperationTest","tests.ABETellerOperationTransferLiabilitiesAndOperationTest","ABE_tellerTransfer","Test Case ID: FCB-2038",""
"passed","Mon Dec 04 15:35:34 EET 2023","Mon Dec 04 15:36:13 EET 2023","39413","Suite","Liabilities","tests.ABETellerOperationTransferLiabilitiesAndOperationTest","tests.ABETellerOperationTransferLiabilitiesAndOperationTest","ABE_tellerTransfer","Test Case ID: FCB-2023",""
"passed","Mon Dec 04 15:44:19 EET 2023","Mon Dec 04 15:44:59 EET 2023","40042","Suite","Liabilities","tests.ABETellerOperationTransferLiabilitiesAndOperationTest","tests.ABETellerOperationTransferLiabilitiesAndOperationTest","ABE_tellerTransfer","Test Case ID: FCB-2163",""
"passed","Mon Dec 04 15:47:23 EET 2023","Mon Dec 04 15:48:03 EET 2023","39619","Suite","Liabilities","tests.ABETellerOperationTransferLiabilitiesAndOperationTest","tests.ABETellerOperationTransferLiabilitiesAndOperationTest","ABE_tellerTransfer","Test Case ID: FCB-2168",""
"passed","Mon Dec 04 15:31:48 EET 2023","Mon Dec 04 15:32:28 EET 2023","39845","Suite","Liabilities","tests.ABETellerOperationTransferLiabilitiesAndOperationTest","tests.ABETellerOperationTransferLiabilitiesAndOperationTest","ABE_tellerTransfer","Test Case ID: FCB-2029",""
"passed","Mon Dec 04 15:30:57 EET 2023","Mon Dec 04 15:31:37 EET 2023","39806","Suite","Liabilities","tests.ABETellerOperationTransferLiabilitiesAndOperationTest","tests.ABETellerOperationTransferLiabilitiesAndOperationTest","ABE_tellerTransfer","Test Case ID: FCB-2020",""
"passed","Mon Dec 04 15:34:00 EET 2023","Mon Dec 04 15:34:39 EET 2023","39669","Suite","Liabilities","tests.ABETellerOperationTransferLiabilitiesAndOperationTest","tests.ABETellerOperationTransferLiabilitiesAndOperationTest","ABE_tellerTransfer","Test Case ID: FCB-2102",""
"passed","Mon Dec 04 15:40:24 EET 2023","Mon Dec 04 15:41:04 EET 2023","39579","Suite","Liabilities","tests.ABETellerOperationTransferLiabilitiesAndOperationTest","tests.ABETellerOperationTransferLiabilitiesAndOperationTest","ABE_tellerTransfer","Test Case ID: FCB-2006",""
"passed","Mon Dec 04 15:41:13 EET 2023","Mon Dec 04 15:41:47 EET 2023","33685","Suite","Liabilities","tests.ABETellerOperationTransferLiabilitiesAndOperationTest","tests.ABETellerOperationTransferLiabilitiesAndOperationTest","ABE_tellerTransfer","Test Case ID: FCB-2005",""
"broken","Mon Dec 04 15:33:23 EET 2023","Mon Dec 04 15:33:50 EET 2023","27116","Suite","Liabilities","tests.ABETellerOperationTransferLiabilitiesAndOperationTest","tests.ABETellerOperationTransferLiabilitiesAndOperationTest","ABE_tellerTransfer","Test Case ID: FCB-2032",""
"passed","Mon Dec 04 15:43:32 EET 2023","Mon Dec 04 15:44:11 EET 2023","39644","Suite","Liabilities","tests.ABETellerOperationTransferLiabilitiesAndOperationTest","tests.ABETellerOperationTransferLiabilitiesAndOperationTest","ABE_tellerTransfer","Test Case ID: FCB-2011",""
"passed","Mon Dec 04 15:38:45 EET 2023","Mon Dec 04 15:39:24 EET 2023","39354","Suite","Liabilities","tests.ABETellerOperationTransferLiabilitiesAndOperationTest","tests.ABETellerOperationTransferLiabilitiesAndOperationTest","ABE_tellerTransfer","Test Case ID: FCB-2017",""
"passed","Mon Dec 04 15:36:22 EET 2023","Mon Dec 04 15:37:01 EET 2023","39408","Suite","Liabilities","tests.ABETellerOperationTransferLiabilitiesAndOperationTest","tests.ABETellerOperationTransferLiabilitiesAndOperationTest","ABE_tellerTransfer","Test Case ID: FCB-2026",""
"passed","Mon Dec 04 15:30:08 EET 2023","Mon Dec 04 15:30:48 EET 2023","40274","Suite","Liabilities","tests.ABETellerOperationTransferLiabilitiesAndOperationTest","tests.ABETellerOperationTransferLiabilitiesAndOperationTest","ABE_tellerTransfer","Test Case ID: FCB-2167",""
