"Status","Start Time","Stop Time","Duration in ms","Parent Suite","Suite","Sub Suite","Test Class","Test Method","Name","Description"
"passed","Mon Nov 20 20:17:02 EET 2023","Mon Nov 20 20:18:32 EET 2023","89462","Suite (0)","TUA","tests.ABEOpenWakalahTUATest","tests.ABEOpenWakalahTUATest","openMudarabahTUATest","Test Case ID: FCB-14045",""
"passed","Mon Nov 20 20:52:52 EET 2023","Mon Nov 20 20:53:45 EET 2023","53583","Suite (0)","TUA","tests.ABECloseWakalahTUATest","tests.ABECloseWakalahTUATest","closeWakalahTUATest","Test Case ID: FCB-10183",""
"passed","Mon Nov 20 20:53:51 EET 2023","Mon Nov 20 20:54:43 EET 2023","52147","Suite (0)","TUA","tests.ABECloseWakalahTUATest","tests.ABECloseWakalahTUATest","closeWakalahTUATest","Test Case ID: FCB-10185",""
"passed","Mon Nov 20 20:01:04 EET 2023","Mon Nov 20 20:02:29 EET 2023","85798","Suite (0)","TUA","tests.ABEOpenWakalahTUATest","tests.ABEOpenWakalahTUATest","openMudarabahTUATest","Test Case ID: FCB-10148",""
"passed","Mon Nov 20 19:59:31 EET 2023","Mon Nov 20 20:00:57 EET 2023","85898","Suite (0)","TUA","tests.ABEOpenWakalahTUATest","tests.ABEOpenWakalahTUATest","openMudarabahTUATest","Test Case ID: FCB-10147",""
"passed","Mon Nov 20 21:13:34 EET 2023","Mon Nov 20 21:14:20 EET 2023","46061","Suite (0)","TUA","tests.ABEVerifyWakalahTUAClosureTest","tests.ABEVerifyWakalahTUAClosureTest","verifyMudarabahTUAClosureTest","Test Case ID: FCB-22638",""
"passed","Mon Nov 20 20:23:31 EET 2023","Mon Nov 20 20:25:00 EET 2023","89071","Suite (0)","TUA","tests.ABEOpenWakalahTUATest","tests.ABEOpenWakalahTUATest","openMudarabahTUATest","Test Case ID: FCB-22624",""
"passed","Mon Nov 20 20:50:52 EET 2023","Mon Nov 20 20:51:45 EET 2023","53460","Suite (0)","TUA","tests.ABECloseWakalahTUATest","tests.ABECloseWakalahTUATest","closeWakalahTUATest","Test Case ID: FCB-10179",""
"passed","Mon Nov 20 20:02:35 EET 2023","Mon Nov 20 20:04:00 EET 2023","85295","Suite (0)","TUA","tests.ABEOpenWakalahTUATest","tests.ABEOpenWakalahTUATest","openMudarabahTUATest","Test Case ID: FCB-10149",""
"passed","Mon Nov 20 20:20:14 EET 2023","Mon Nov 20 20:21:43 EET 2023","89304","Suite (0)","TUA","tests.ABEOpenWakalahTUATest","tests.ABEOpenWakalahTUATest","openMudarabahTUATest","Test Case ID: FCB-14049",""
"passed","Mon Nov 20 20:37:25 EET 2023","Mon Nov 20 20:38:49 EET 2023","83903","Suite (0)","TUA","tests.ABEVerifyWakalahTUAOpeningTest","tests.ABEVerifyWakalahTUAOpeningTest","verifyWakalahTUAOpeningTest","Test Case ID: FCB-14040",""
"passed","Mon Nov 20 19:55:24 EET 2023","Mon Nov 20 19:56:45 EET 2023","81013","Suite","Mudarabah CASA","tests.ABEVerifyCurrentAccountOpeningMudarabahCAATest","tests.ABEVerifyCurrentAccountOpeningMudarabahCAATest","verifyCurrentAccountOpeningMudarabahCAATest","Test Case ID: FCB-9838",""
"passed","Mon Nov 20 19:52:21 EET 2023","Mon Nov 20 19:53:41 EET 2023","79624","Suite","Mudarabah CASA","tests.ABEOpenCurrentAccountMudarabahCAATest","tests.ABEOpenCurrentAccountMudarabahCAATest","openCurrentAccountMudarabahCAATest","Test Case ID: FCB-9834",""
"passed","Mon Nov 20 20:51:52 EET 2023","Mon Nov 20 20:52:45 EET 2023","53128","Suite (0)","TUA","tests.ABECloseWakalahTUATest","tests.ABECloseWakalahTUATest","closeWakalahTUATest","Test Case ID: FCB-10181",""
"passed","Mon Nov 20 21:03:44 EET 2023","Mon Nov 20 21:04:37 EET 2023","52767","Suite (0)","TUA","tests.ABECloseWakalahTUATest","tests.ABECloseWakalahTUATest","closeWakalahTUATest","Test Case ID: FCB-22627",""
"passed","Mon Nov 20 19:56:53 EET 2023","Mon Nov 20 19:57:36 EET 2023","43438","Suite (0)","TUA","tests.ABEVerifyMudarabahTUAClosureTest","tests.ABEVerifyMudarabahTUAClosureTest","verifyMudarabahTUAClosureTest","Test Case ID: FCB-9882",""
"passed","Mon Nov 20 19:58:20 EET 2023","Mon Nov 20 19:59:39 EET 2023","79375","Suite","Mudarabah CASA","tests.ABEVerifyCurrentAccountOpeningMudarabahCAATest","tests.ABEVerifyCurrentAccountOpeningMudarabahCAATest","verifyCurrentAccountOpeningMudarabahCAATest","Test Case ID: FCB-9840",""
"passed","Mon Nov 20 19:49:04 EET 2023","Mon Nov 20 19:50:28 EET 2023","83707","Suite (0)","TUA","tests.ABEVerifyMudarabahTUAOpeningTest","tests.ABEVerifyMudarabahTUAOpeningTest","verifyMudarabahTUAOpeningTest","Test Case ID: FCB-9863",""
"passed","Mon Nov 20 19:45:55 EET 2023","Mon Nov 20 19:47:19 EET 2023","84002","Suite (0)","TUA","tests.ABEOpenMudarabahTUATest","tests.ABEOpenMudarabahTUATest","openMudarabahTUATest","Test Case ID: FCB-9864",""
"passed","Mon Nov 20 21:15:28 EET 2023","Mon Nov 20 21:16:12 EET 2023","44551","Suite (0)","TUA","tests.ABEVerifyWakalahTUAClosureTest","tests.ABEVerifyWakalahTUAClosureTest","verifyMudarabahTUAClosureTest","Test Case ID: FCB-22640",""
"passed","Mon Nov 20 20:55:49 EET 2023","Mon Nov 20 20:56:42 EET 2023","53093","Suite (0)","TUA","tests.ABECloseWakalahTUATest","tests.ABECloseWakalahTUATest","closeWakalahTUATest","Test Case ID: FCB-10189",""
"passed","Mon Nov 20 19:44:24 EET 2023","Mon Nov 20 19:45:45 EET 2023","80151","Suite","Mudarabah CASA","tests.ABEOpenCurrentAccountMudarabahCAATest","tests.ABEOpenCurrentAccountMudarabahCAATest","openCurrentAccountMudarabahCAATest","Test Case ID: FCB-9827",""
"passed","Mon Nov 20 21:11:00 EET 2023","Mon Nov 20 21:11:45 EET 2023","45139","Suite (0)","TUA","tests.ABEVerifyWakalahTUAClosureTest","tests.ABEVerifyWakalahTUAClosureTest","verifyMudarabahTUAClosureTest","Test Case ID: FCB-10190",""
"passed","Mon Nov 20 21:17:10 EET 2023","Mon Nov 20 21:17:54 EET 2023","44460","Suite (0)","TUA","tests.ABEVerifyWakalahTUAClosureTest","tests.ABEVerifyWakalahTUAClosureTest","verifyMudarabahTUAClosureTest","Test Case ID: FCB-22642",""
"passed","Mon Nov 20 21:04:44 EET 2023","Mon Nov 20 21:05:36 EET 2023","52481","Suite (0)","TUA","tests.ABECloseWakalahTUATest","tests.ABECloseWakalahTUATest","closeWakalahTUATest","Test Case ID: FCB-22628",""
"passed","Mon Nov 20 21:06:42 EET 2023","Mon Nov 20 21:07:27 EET 2023","45392","Suite (0)","TUA","tests.ABEVerifyWakalahTUAClosureTest","tests.ABEVerifyWakalahTUAClosureTest","verifyMudarabahTUAClosureTest","Test Case ID: FCB-10180",""
"passed","Mon Nov 20 21:14:26 EET 2023","Mon Nov 20 21:15:22 EET 2023","55644","Suite (0)","TUA","tests.ABEVerifyWakalahTUAClosureTest","tests.ABEVerifyWakalahTUAClosureTest","verifyMudarabahTUAClosureTest","Test Case ID: FCB-22639",""
"passed","Mon Nov 20 20:58:47 EET 2023","Mon Nov 20 20:59:41 EET 2023","53466","Suite (0)","TUA","tests.ABECloseWakalahTUATest","tests.ABECloseWakalahTUATest","closeWakalahTUATest","Test Case ID: FCB-22630",""
"passed","Mon Nov 20 20:08:50 EET 2023","Mon Nov 20 20:10:19 EET 2023","89332","Suite (0)","TUA","tests.ABEOpenWakalahTUATest","tests.ABEOpenWakalahTUATest","openMudarabahTUATest","Test Case ID: FCB-10153",""
"passed","Mon Nov 20 19:59:47 EET 2023","Mon Nov 20 20:01:07 EET 2023","80161","Suite","Mudarabah CASA","tests.ABEVerifyCurrentAccountOpeningMudarabahCAATest","tests.ABEVerifyCurrentAccountOpeningMudarabahCAATest","verifyCurrentAccountOpeningMudarabahCAATest","Test Case ID: FCB-9841",""
"passed","Mon Nov 20 19:50:55 EET 2023","Mon Nov 20 19:52:15 EET 2023","79688","Suite","Mudarabah CASA","tests.ABEOpenCurrentAccountMudarabahCAATest","tests.ABEOpenCurrentAccountMudarabahCAATest","openCurrentAccountMudarabahCAATest","Test Case ID: FCB-9833",""
"passed","Mon Nov 20 20:25:16 EET 2023","Mon Nov 20 20:26:40 EET 2023","84097","Suite (0)","TUA","tests.ABEVerifyWakalahTUAOpeningTest","tests.ABEVerifyWakalahTUAOpeningTest","verifyWakalahTUAOpeningTest","Test Case ID: FCB-10155",""
"passed","Mon Nov 20 19:57:42 EET 2023","Mon Nov 20 19:58:26 EET 2023","43243","Suite (0)","TUA","tests.ABEVerifyMudarabahTUAClosureTest","tests.ABEVerifyMudarabahTUAClosureTest","verifyMudarabahTUAClosureTest","Test Case ID: FCB-20082",""
"passed","Mon Nov 20 20:29:49 EET 2023","Mon Nov 20 20:31:13 EET 2023","83958","Suite (0)","TUA","tests.ABEVerifyWakalahTUAOpeningTest","tests.ABEVerifyWakalahTUAOpeningTest","verifyWakalahTUAOpeningTest","Test Case ID: FCB-10158",""
"passed","Mon Nov 20 20:45:09 EET 2023","Mon Nov 20 20:46:34 EET 2023","84190","Suite (0)","TUA","tests.ABEVerifyWakalahTUAOpeningTest","tests.ABEVerifyWakalahTUAOpeningTest","verifyWakalahTUAOpeningTest","Test Case ID: FCB-14050",""
"passed","Mon Nov 20 21:08:25 EET 2023","Mon Nov 20 21:09:11 EET 2023","45735","Suite (0)","TUA","tests.ABEVerifyWakalahTUAClosureTest","tests.ABEVerifyWakalahTUAClosureTest","verifyMudarabahTUAClosureTest","Test Case ID: FCB-10184",""
"passed","Mon Nov 20 20:59:47 EET 2023","Mon Nov 20 21:00:40 EET 2023","53350","Suite (0)","TUA","tests.ABECloseWakalahTUATest","tests.ABECloseWakalahTUATest","closeWakalahTUATest","Test Case ID: FCB-22631",""
"passed","Mon Nov 20 20:31:20 EET 2023","Mon Nov 20 20:32:44 EET 2023","84140","Suite (0)","TUA","tests.ABEVerifyWakalahTUAOpeningTest","tests.ABEVerifyWakalahTUAOpeningTest","verifyWakalahTUAOpeningTest","Test Case ID: FCB-10159",""
"passed","Mon Nov 20 19:54:47 EET 2023","Mon Nov 20 19:55:39 EET 2023","52367","Suite (0)","TUA","tests.ABECloseMudarabahTUATest","tests.ABECloseMudarabahTUATest","closeMudarabahTUATest","Test Case ID: FCB-20081",""
"passed","Mon Nov 20 21:05:51 EET 2023","Mon Nov 20 21:06:35 EET 2023","44303","Suite (0)","TUA","tests.ABEVerifyWakalahTUAClosureTest","tests.ABEVerifyWakalahTUAClosureTest","verifyMudarabahTUAClosureTest","Test Case ID: FCB-10178",""
"passed","Mon Nov 20 20:05:41 EET 2023","Mon Nov 20 20:07:09 EET 2023","87723","Suite (0)","TUA","tests.ABEOpenWakalahTUATest","tests.ABEOpenWakalahTUATest","openMudarabahTUATest","Test Case ID: FCB-10151",""
"passed","Mon Nov 20 20:13:39 EET 2023","Mon Nov 20 20:15:08 EET 2023","89639","Suite (0)","TUA","tests.ABEOpenWakalahTUATest","tests.ABEOpenWakalahTUATest","openMudarabahTUATest","Test Case ID: FCB-14041",""
"passed","Mon Nov 20 20:10:26 EET 2023","Mon Nov 20 20:11:56 EET 2023","89408","Suite (0)","TUA","tests.ABEOpenWakalahTUATest","tests.ABEOpenWakalahTUATest","openMudarabahTUATest","Test Case ID: FCB-10154",""
"passed","Mon Nov 20 20:43:29 EET 2023","Mon Nov 20 20:45:02 EET 2023","93715","Suite (0)","TUA","tests.ABEVerifyWakalahTUAOpeningTest","tests.ABEVerifyWakalahTUAOpeningTest","verifyWakalahTUAOpeningTest","Test Case ID: FCB-14048",""
"passed","Mon Nov 20 20:12:03 EET 2023","Mon Nov 20 20:13:32 EET 2023","89462","Suite (0)","TUA","tests.ABEOpenWakalahTUATest","tests.ABEOpenWakalahTUATest","openMudarabahTUATest","Test Case ID: FCB-14039",""
"passed","Mon Nov 20 19:56:53 EET 2023","Mon Nov 20 19:58:12 EET 2023","79933","Suite","Mudarabah CASA","tests.ABEVerifyCurrentAccountOpeningMudarabahCAATest","tests.ABEVerifyCurrentAccountOpeningMudarabahCAATest","verifyCurrentAccountOpeningMudarabahCAATest","Test Case ID: FCB-9839",""
"passed","Mon Nov 20 20:48:11 EET 2023","Mon Nov 20 20:49:35 EET 2023","84301","Suite (0)","TUA","tests.ABEVerifyWakalahTUAOpeningTest","tests.ABEVerifyWakalahTUAOpeningTest","verifyWakalahTUAOpeningTest","Test Case ID: FCB-22626",""
"passed","Mon Nov 20 19:58:32 EET 2023","Mon Nov 20 19:59:15 EET 2023","43228","Suite (0)","TUA","tests.ABEVerifyMudarabahTUAClosureTest","tests.ABEVerifyMudarabahTUAClosureTest","verifyMudarabahTUAClosureTest","Test Case ID: FCB-20084",""
"passed","Mon Nov 20 20:15:14 EET 2023","Mon Nov 20 20:16:56 EET 2023","102138","Suite (0)","TUA","tests.ABEOpenWakalahTUATest","tests.ABEOpenWakalahTUATest","openMudarabahTUATest","Test Case ID: FCB-14043",""
"passed","Mon Nov 20 21:18:51 EET 2023","Mon Nov 20 21:19:35 EET 2023","44379","Suite (0)","TUA","tests.ABEVerifyWakalahTUAClosureTest","tests.ABEVerifyWakalahTUAClosureTest","verifyMudarabahTUAClosureTest","Test Case ID: FCB-22636",""
"passed","Mon Nov 20 20:41:58 EET 2023","Mon Nov 20 20:43:22 EET 2023","84073","Suite (0)","TUA","tests.ABEVerifyWakalahTUAOpeningTest","tests.ABEVerifyWakalahTUAOpeningTest","verifyWakalahTUAOpeningTest","Test Case ID: FCB-14046",""
"passed","Mon Nov 20 20:18:38 EET 2023","Mon Nov 20 20:20:07 EET 2023","89465","Suite (0)","TUA","tests.ABEOpenWakalahTUATest","tests.ABEOpenWakalahTUATest","openMudarabahTUATest","Test Case ID: FCB-14047",""
"passed","Mon Nov 20 20:34:22 EET 2023","Mon Nov 20 20:35:47 EET 2023","84415","Suite (0)","TUA","tests.ABEVerifyWakalahTUAOpeningTest","tests.ABEVerifyWakalahTUAOpeningTest","verifyWakalahTUAOpeningTest","Test Case ID: FCB-10161",""
"passed","Mon Nov 20 21:00:46 EET 2023","Mon Nov 20 21:01:39 EET 2023","53009","Suite (0)","TUA","tests.ABECloseWakalahTUATest","tests.ABECloseWakalahTUATest","closeWakalahTUATest","Test Case ID: FCB-22632",""
"passed","Mon Nov 20 19:46:36 EET 2023","Mon Nov 20 19:47:56 EET 2023","79641","Suite","Mudarabah CASA","tests.ABEOpenCurrentAccountMudarabahCAATest","tests.ABEOpenCurrentAccountMudarabahCAATest","openCurrentAccountMudarabahCAATest","Test Case ID: FCB-9830",""
"passed","Mon Nov 20 21:18:00 EET 2023","Mon Nov 20 21:18:45 EET 2023","44573","Suite (0)","TUA","tests.ABEVerifyWakalahTUAClosureTest","tests.ABEVerifyWakalahTUAClosureTest","verifyMudarabahTUAClosureTest","Test Case ID: FCB-22635",""
"passed","Mon Nov 20 20:40:27 EET 2023","Mon Nov 20 20:41:51 EET 2023","84080","Suite (0)","TUA","tests.ABEVerifyWakalahTUAOpeningTest","tests.ABEVerifyWakalahTUAOpeningTest","verifyWakalahTUAOpeningTest","Test Case ID: FCB-14044",""
"passed","Mon Nov 20 20:46:40 EET 2023","Mon Nov 20 20:48:04 EET 2023","83891","Suite (0)","TUA","tests.ABEVerifyWakalahTUAOpeningTest","tests.ABEVerifyWakalahTUAOpeningTest","verifyWakalahTUAOpeningTest","Test Case ID: FCB-22625",""
"passed","Mon Nov 20 20:01:14 EET 2023","Mon Nov 20 20:02:36 EET 2023","81603","Suite","Mudarabah CASA","tests.ABEVerifyCurrentAccountOpeningMudarabahCAATest","tests.ABEVerifyCurrentAccountOpeningMudarabahCAATest","verifyCurrentAccountOpeningMudarabahCAATest","Test Case ID: FCB-9842",""
"passed","Mon Nov 20 20:04:06 EET 2023","Mon Nov 20 20:05:34 EET 2023","88110","Suite (0)","TUA","tests.ABEOpenWakalahTUATest","tests.ABEOpenWakalahTUATest","openMudarabahTUATest","Test Case ID: FCB-10150",""
"passed","Mon Nov 20 20:21:49 EET 2023","Mon Nov 20 20:23:25 EET 2023","95641","Suite (0)","TUA","tests.ABEOpenWakalahTUATest","tests.ABEOpenWakalahTUATest","openMudarabahTUATest","Test Case ID: FCB-22623",""
"passed","Mon Nov 20 21:01:45 EET 2023","Mon Nov 20 21:02:39 EET 2023","54046","Suite (0)","TUA","tests.ABECloseWakalahTUATest","tests.ABECloseWakalahTUATest","closeWakalahTUATest","Test Case ID: FCB-22633",""
"passed","Mon Nov 20 21:07:34 EET 2023","Mon Nov 20 21:08:19 EET 2023","45858","Suite (0)","TUA","tests.ABEVerifyWakalahTUAClosureTest","tests.ABEVerifyWakalahTUAClosureTest","verifyMudarabahTUAClosureTest","Test Case ID: FCB-10182",""
"passed","Mon Nov 20 20:35:54 EET 2023","Mon Nov 20 20:37:18 EET 2023","83866","Suite (0)","TUA","tests.ABEVerifyWakalahTUAOpeningTest","tests.ABEVerifyWakalahTUAOpeningTest","verifyWakalahTUAOpeningTest","Test Case ID: FCB-10162",""
"passed","Mon Nov 20 19:52:06 EET 2023","Mon Nov 20 19:53:31 EET 2023","85497","Suite (0)","TUA","tests.ABEVerifyMudarabahTUAOpeningTest","tests.ABEVerifyMudarabahTUAOpeningTest","verifyMudarabahTUAOpeningTest","Test Case ID: FCB-9867",""
"passed","Mon Nov 20 19:48:01 EET 2023","Mon Nov 20 19:49:21 EET 2023","79568","Suite","Mudarabah CASA","tests.ABEOpenCurrentAccountMudarabahCAATest","tests.ABEOpenCurrentAccountMudarabahCAATest","openCurrentAccountMudarabahCAATest","Test Case ID: FCB-9831",""
"passed","Mon Nov 20 19:47:25 EET 2023","Mon Nov 20 19:48:48 EET 2023","83705","Suite (0)","TUA","tests.ABEOpenMudarabahTUATest","tests.ABEOpenMudarabahTUATest","openMudarabahTUATest","Test Case ID: FCB-9866",""
"passed","Mon Nov 20 19:53:48 EET 2023","Mon Nov 20 19:54:41 EET 2023","52883","Suite (0)","TUA","tests.ABECloseMudarabahTUATest","tests.ABECloseMudarabahTUATest","closeMudarabahTUATest","Test Case ID: FCB-9881",""
"passed","Mon Nov 20 20:54:50 EET 2023","Mon Nov 20 20:55:43 EET 2023","53541","Suite (0)","TUA","tests.ABECloseWakalahTUATest","tests.ABECloseWakalahTUATest","closeWakalahTUATest","Test Case ID: FCB-10187",""
"passed","Mon Nov 20 19:50:35 EET 2023","Mon Nov 20 19:51:59 EET 2023","84015","Suite (0)","TUA","tests.ABEVerifyMudarabahTUAOpeningTest","tests.ABEVerifyMudarabahTUAOpeningTest","verifyMudarabahTUAOpeningTest","Test Case ID: FCB-9865",""
"passed","Mon Nov 20 21:12:43 EET 2023","Mon Nov 20 21:13:28 EET 2023","45006","Suite (0)","TUA","tests.ABEVerifyWakalahTUAClosureTest","tests.ABEVerifyWakalahTUAClosureTest","verifyMudarabahTUAClosureTest","Test Case ID: FCB-22637",""
"passed","Mon Nov 20 21:10:09 EET 2023","Mon Nov 20 21:10:54 EET 2023","44982","Suite (0)","TUA","tests.ABEVerifyWakalahTUAClosureTest","tests.ABEVerifyWakalahTUAClosureTest","verifyMudarabahTUAClosureTest","Test Case ID: FCB-10188",""
"passed","Mon Nov 20 20:02:43 EET 2023","Mon Nov 20 20:04:03 EET 2023","80255","Suite","Mudarabah CASA","tests.ABEVerifyCurrentAccountOpeningMudarabahCAATest","tests.ABEVerifyCurrentAccountOpeningMudarabahCAATest","verifyCurrentAccountOpeningMudarabahCAATest","Test Case ID: FCB-9843",""
"passed","Mon Nov 20 20:26:47 EET 2023","Mon Nov 20 20:28:11 EET 2023","84073","Suite (0)","TUA","tests.ABEVerifyWakalahTUAOpeningTest","tests.ABEVerifyWakalahTUAOpeningTest","verifyWakalahTUAOpeningTest","Test Case ID: FCB-10156",""
"passed","Mon Nov 20 20:28:18 EET 2023","Mon Nov 20 20:29:42 EET 2023","83907","Suite (0)","TUA","tests.ABEVerifyWakalahTUAOpeningTest","tests.ABEVerifyWakalahTUAOpeningTest","verifyWakalahTUAOpeningTest","Test Case ID: FCB-10157",""
"passed","Mon Nov 20 20:07:15 EET 2023","Mon Nov 20 20:08:44 EET 2023","88738","Suite (0)","TUA","tests.ABEOpenWakalahTUATest","tests.ABEOpenWakalahTUATest","openMudarabahTUATest","Test Case ID: FCB-10152",""
"passed","Mon Nov 20 20:57:48 EET 2023","Mon Nov 20 20:58:41 EET 2023","53389","Suite (0)","TUA","tests.ABECloseWakalahTUATest","tests.ABECloseWakalahTUATest","closeWakalahTUATest","Test Case ID: FCB-22629",""
"passed","Mon Nov 20 19:55:47 EET 2023","Mon Nov 20 19:56:39 EET 2023","51970","Suite (0)","TUA","tests.ABECloseMudarabahTUATest","tests.ABECloseMudarabahTUATest","closeMudarabahTUATest","Test Case ID: FCB-20083",""
"passed","Mon Nov 20 21:11:51 EET 2023","Mon Nov 20 21:12:37 EET 2023","45657","Suite (0)","TUA","tests.ABEVerifyWakalahTUAClosureTest","tests.ABEVerifyWakalahTUAClosureTest","verifyMudarabahTUAClosureTest","Test Case ID: FCB-10192",""
"passed","Mon Nov 20 19:45:51 EET 2023","Mon Nov 20 19:46:31 EET 2023","39509","Suite","Mudarabah CASA","tests.ABEOpenCurrentAccountMudarabahCAATest","tests.ABEOpenCurrentAccountMudarabahCAATest","openCurrentAccountMudarabahCAATest","Test Case ID: FCB-9829",""
"passed","Mon Nov 20 19:53:57 EET 2023","Mon Nov 20 19:55:17 EET 2023","80280","Suite","Mudarabah CASA","tests.ABEVerifyCurrentAccountOpeningMudarabahCAATest","tests.ABEVerifyCurrentAccountOpeningMudarabahCAATest","verifyCurrentAccountOpeningMudarabahCAATest","Test Case ID: FCB-9836",""
"passed","Mon Nov 20 21:16:19 EET 2023","Mon Nov 20 21:17:03 EET 2023","44677","Suite (0)","TUA","tests.ABEVerifyWakalahTUAClosureTest","tests.ABEVerifyWakalahTUAClosureTest","verifyMudarabahTUAClosureTest","Test Case ID: FCB-22641",""
"passed","Mon Nov 20 20:56:48 EET 2023","Mon Nov 20 20:57:42 EET 2023","53848","Suite (0)","TUA","tests.ABECloseWakalahTUATest","tests.ABECloseWakalahTUATest","closeWakalahTUATest","Test Case ID: FCB-10191",""
"passed","Mon Nov 20 21:09:18 EET 2023","Mon Nov 20 21:10:04 EET 2023","45615","Suite (0)","TUA","tests.ABEVerifyWakalahTUAClosureTest","tests.ABEVerifyWakalahTUAClosureTest","verifyMudarabahTUAClosureTest","Test Case ID: FCB-10186",""
"passed","Mon Nov 20 19:49:28 EET 2023","Mon Nov 20 19:50:47 EET 2023","79421","Suite","Mudarabah CASA","tests.ABEOpenCurrentAccountMudarabahCAATest","tests.ABEOpenCurrentAccountMudarabahCAATest","openCurrentAccountMudarabahCAATest","Test Case ID: FCB-9832",""
"passed","Mon Nov 20 19:44:24 EET 2023","Mon Nov 20 19:45:49 EET 2023","84578","Suite (0)","TUA","tests.ABEOpenMudarabahTUATest","tests.ABEOpenMudarabahTUATest","openMudarabahTUATest","Test Case ID: FCB-9862",""
"passed","Mon Nov 20 21:02:46 EET 2023","Mon Nov 20 21:03:38 EET 2023","52675","Suite (0)","TUA","tests.ABECloseWakalahTUATest","tests.ABECloseWakalahTUATest","closeWakalahTUATest","Test Case ID: FCB-22634",""
"passed","Mon Nov 20 20:38:56 EET 2023","Mon Nov 20 20:40:20 EET 2023","84074","Suite (0)","TUA","tests.ABEVerifyWakalahTUAOpeningTest","tests.ABEVerifyWakalahTUAOpeningTest","verifyWakalahTUAOpeningTest","Test Case ID: FCB-14042",""
"passed","Mon Nov 20 20:32:51 EET 2023","Mon Nov 20 20:34:15 EET 2023","84329","Suite (0)","TUA","tests.ABEVerifyWakalahTUAOpeningTest","tests.ABEVerifyWakalahTUAOpeningTest","verifyWakalahTUAOpeningTest","Test Case ID: FCB-10160",""
"passed","Mon Nov 20 20:49:52 EET 2023","Mon Nov 20 20:50:46 EET 2023","53397","Suite (0)","TUA","tests.ABECloseWakalahTUATest","tests.ABECloseWakalahTUATest","closeWakalahTUATest","Test Case ID: FCB-10177",""
