Status,Start Time,Stop Time,Duration in ms,Parent Suite,Suite,Sub Suite,Test Class,Test Method,Name,Description
passed,Thu Nov 23 19:22:23 EET 2023,Thu Nov 23 19:23:00 EET 2023,36686,Suite,Corporate Loans,tests.ABEDisburseCorporateLoanCorporateLoansTest,tests.ABEDisburseCorporateLoanCorporateLoansTest,disburseCorporateLoanCorporateLoansTest,Test Case ID: FCB-12049,
passed,Thu Nov 23 19:28:44 EET 2023,Thu Nov 23 19:29:40 EET 2023,56136,Suite (0),Murabaha Financing,tests.ABEDisburseMurabahaAccountMurabahaFinancingTest,tests.ABEDisburseMurabahaAccountMurabahaFinancingTest,disburseMurabahaAccountMurabahaFinancingTest,Test Case ID: FCB-10020,
passed,Thu Nov 23 19:42:06 EET 2023,Thu Nov 23 19:42:52 EET 2023,45504,Suite (0),Murabaha Financing,tests.ABEVerifyMurabahaAccountDisbursementMurabahaFinancingTest,tests.ABEVerifyMurabahaAccountDisbursementMurabahaFinancingTest,verifyMurabahaAccountDisbursementMurabahaFinancingTest,Test Case ID: FCB-10058,
passed,Thu Nov 23 19:05:58 EET 2023,Thu Nov 23 19:08:24 EET 2023,145931,Suite (0),Murabaha Financing,tests.ABEOpenMurabahaAccountMurabahaFinancingTest,tests.ABEOpenMurabahaAccountMurabahaFinancingTest,openMurabahaAccountMurabahaFinancingTest,Test Case ID: FCB-9945,
passed,Thu Nov 23 19:35:06 EET 2023,Thu Nov 23 19:36:04 EET 2023,57758,Suite (0),Murabaha Financing,tests.ABEDisburseMurabahaAccountMurabahaFinancingTest,tests.ABEDisburseMurabahaAccountMurabahaFinancingTest,disburseMurabahaAccountMurabahaFinancingTest,Test Case ID: FCB-10026,
passed,Thu Nov 23 19:15:35 EET 2023,Thu Nov 23 19:16:22 EET 2023,46312,Suite,Corporate Loans,tests.ABEVerifyCorporateLoanCorporateLoansTest,tests.ABEVerifyCorporateLoanCorporateLoansTest,verifyCorporateLoanCorporateLoansTest,Test Case ID: FCB-12022,
passed,Thu Nov 23 19:25:37 EET 2023,Thu Nov 23 19:26:58 EET 2023,81430,Suite (0),Murabaha Financing,tests.ABEVerifyMurabahaAccountOpeningMurabahaFinancingTest,tests.ABEVerifyMurabahaAccountOpeningMurabahaFinancingTest,verifyMurabahaAccountOpeningMurabahaFinancingTest,Test Case ID: FCB-9981,
passed,Thu Nov 23 19:21:41 EET 2023,Thu Nov 23 19:22:17 EET 2023,35788,Suite,Corporate Loans,tests.ABEDisburseCorporateLoanCorporateLoansTest,tests.ABEDisburseCorporateLoanCorporateLoansTest,disburseCorporateLoanCorporateLoansTest,Test Case ID: FCB-12047,
passed,Thu Nov 23 19:34:03 EET 2023,Thu Nov 23 19:35:00 EET 2023,57325,Suite (0),Murabaha Financing,tests.ABEDisburseMurabahaAccountMurabahaFinancingTest,tests.ABEDisburseMurabahaAccountMurabahaFinancingTest,disburseMurabahaAccountMurabahaFinancingTest,Test Case ID: FCB-10025,
passed,Thu Nov 23 19:31:16 EET 2023,Thu Nov 23 19:31:54 EET 2023,38326,Suite,Corporate Loans,tests.ABEVerifyCorporateLoanDisbursmentCorporateLoansTest,tests.ABEVerifyCorporateLoanDisbursmentCorporateLoansTest,verifyCorporateLoanDisbursmentCorporateLoansTest,Test Case ID: FCB-22651,
passed,Thu Nov 23 18:58:44 EET 2023,Thu Nov 23 19:00:35 EET 2023,110869,Suite,Corporate Loans,tests.ABEOpenCorporateLoanCorporateLoansTest,tests.ABEOpenCorporateLoanCorporateLoansTest,openCorporateLoanCorporateLoansTest,Test Case ID: FCB-22644,
passed,Thu Nov 23 19:08:19 EET 2023,Thu Nov 23 19:09:07 EET 2023,48970,Suite,Corporate Loans,tests.ABEModifyCorporateLoanCorporateLoansTest,tests.ABEModifyCorporateLoanCorporateLoansTest,modifyCorporateLoanCorporateLoansTest,Test Case ID: FCB-12025,
passed,Thu Nov 23 19:28:14 EET 2023,Thu Nov 23 19:28:52 EET 2023,38094,Suite,Corporate Loans,tests.ABEVerifyCorporateLoanDisbursmentCorporateLoansTest,tests.ABEVerifyCorporateLoanDisbursmentCorporateLoansTest,verifyCorporateLoanDisbursmentCorporateLoansTest,Test Case ID: FCB-12046,
passed,Thu Nov 23 19:43:49 EET 2023,Thu Nov 23 19:44:35 EET 2023,45849,Suite (0),Murabaha Financing,tests.ABEVerifyMurabahaAccountDisbursementMurabahaFinancingTest,tests.ABEVerifyMurabahaAccountDisbursementMurabahaFinancingTest,verifyMurabahaAccountDisbursementMurabahaFinancingTest,Test Case ID: FCB-10060,
passed,Thu Nov 23 19:24:09 EET 2023,Thu Nov 23 19:25:29 EET 2023,80759,Suite (0),Murabaha Financing,tests.ABEVerifyMurabahaAccountOpeningMurabahaFinancingTest,tests.ABEVerifyMurabahaAccountOpeningMurabahaFinancingTest,verifyMurabahaAccountOpeningMurabahaFinancingTest,Test Case ID: FCB-9980,
passed,Thu Nov 23 19:23:06 EET 2023,Thu Nov 23 19:23:42 EET 2023,36536,Suite,Corporate Loans,tests.ABEDisburseCorporateLoanCorporateLoansTest,tests.ABEDisburseCorporateLoanCorporateLoansTest,disburseCorporateLoanCorporateLoansTest,Test Case ID: FCB-12051,
passed,Thu Nov 23 18:50:41 EET 2023,Thu Nov 23 18:53:07 EET 2023,146575,Suite (0),Murabaha Financing,tests.ABEOpenMurabahaAccountMurabahaFinancingTest,tests.ABEOpenMurabahaAccountMurabahaFinancingTest,openMurabahaAccountMurabahaFinancingTest,Test Case ID: FCB-9939,
passed,Thu Nov 23 19:32:48 EET 2023,Thu Nov 23 19:33:26 EET 2023,37591,Suite,Corporate Loans,tests.ABEVerifyCorporateLoanDisbursmentCorporateLoansTest,tests.ABEVerifyCorporateLoanDisbursmentCorporateLoansTest,verifyCorporateLoanDisbursmentCorporateLoansTest,Test Case ID: FCB-22653,
passed,Thu Nov 23 19:05:37 EET 2023,Thu Nov 23 19:06:25 EET 2023,48012,Suite,Corporate Loans,tests.ABEModifyCorporateLoanCorporateLoansTest,tests.ABEModifyCorporateLoanCorporateLoansTest,modifyCorporateLoanCorporateLoansTest,Test Case ID: FCB-12012,
passed,Thu Nov 23 18:49:55 EET 2023,Thu Nov 23 18:51:46 EET 2023,111274,Suite,Corporate Loans,tests.ABEOpenCorporateLoanCorporateLoansTest,tests.ABEOpenCorporateLoanCorporateLoansTest,openCorporateLoanCorporateLoansTest,Test Case ID: FCB-12206,
passed,Thu Nov 23 19:27:29 EET 2023,Thu Nov 23 19:28:07 EET 2023,38099,Suite,Corporate Loans,tests.ABEVerifyCorporateLoanDisbursmentCorporateLoansTest,tests.ABEVerifyCorporateLoanDisbursmentCorporateLoansTest,verifyCorporateLoanDisbursmentCorporateLoansTest,Test Case ID: FCB-12044,
passed,Thu Nov 23 19:38:18 EET 2023,Thu Nov 23 19:39:15 EET 2023,57616,Suite (0),Murabaha Financing,tests.ABEDisburseMurabahaAccountMurabahaFinancingTest,tests.ABEDisburseMurabahaAccountMurabahaFinancingTest,disburseMurabahaAccountMurabahaFinancingTest,Test Case ID: FCB-10029,
passed,Thu Nov 23 19:39:31 EET 2023,Thu Nov 23 19:40:17 EET 2023,45927,Suite (0),Murabaha Financing,tests.ABEVerifyMurabahaAccountDisbursementMurabahaFinancingTest,tests.ABEVerifyMurabahaAccountDisbursementMurabahaFinancingTest,verifyMurabahaAccountDisbursementMurabahaFinancingTest,Test Case ID: FCB-10055,
passed,Thu Nov 23 18:56:47 EET 2023,Thu Nov 23 18:58:38 EET 2023,111102,Suite,Corporate Loans,tests.ABEOpenCorporateLoanCorporateLoansTest,tests.ABEOpenCorporateLoanCorporateLoansTest,openCorporateLoanCorporateLoansTest,Test Case ID: FCB-22643,
passed,Thu Nov 23 19:18:08 EET 2023,Thu Nov 23 19:18:54 EET 2023,46107,Suite,Corporate Loans,tests.ABEVerifyCorporateLoanCorporateLoansTest,tests.ABEVerifyCorporateLoanCorporateLoansTest,verifyCorporateLoanCorporateLoansTest,Test Case ID: FCB-12028,
passed,Thu Nov 23 19:45:33 EET 2023,Thu Nov 23 19:46:20 EET 2023,46533,Suite (0),Murabaha Financing,tests.ABEVerifyMurabahaAccountDisbursementMurabahaFinancingTest,tests.ABEVerifyMurabahaAccountDisbursementMurabahaFinancingTest,verifyMurabahaAccountDisbursementMurabahaFinancingTest,Test Case ID: FCB-10062,
passed,Thu Nov 23 19:09:13 EET 2023,Thu Nov 23 19:10:00 EET 2023,47257,Suite,Corporate Loans,tests.ABEModifyCorporateLoanCorporateLoansTest,tests.ABEModifyCorporateLoanCorporateLoansTest,modifyCorporateLoanCorporateLoansTest,Test Case ID: FCB-12027,
passed,Thu Nov 23 19:17:14 EET 2023,Thu Nov 23 19:18:01 EET 2023,46249,Suite,Corporate Loans,tests.ABEVerifyCorporateLoanCorporateLoansTest,tests.ABEVerifyCorporateLoanCorporateLoansTest,verifyCorporateLoanCorporateLoansTest,Test Case ID: FCB-12026,
passed,Thu Nov 23 18:58:20 EET 2023,Thu Nov 23 19:00:46 EET 2023,145903,Suite (0),Murabaha Financing,tests.ABEOpenMurabahaAccountMurabahaFinancingTest,tests.ABEOpenMurabahaAccountMurabahaFinancingTest,openMurabahaAccountMurabahaFinancingTest,Test Case ID: FCB-9942,
passed,Thu Nov 23 19:37:14 EET 2023,Thu Nov 23 19:38:12 EET 2023,57503,Suite (0),Murabaha Financing,tests.ABEDisburseMurabahaAccountMurabahaFinancingTest,tests.ABEDisburseMurabahaAccountMurabahaFinancingTest,disburseMurabahaAccountMurabahaFinancingTest,Test Case ID: FCB-10028,
passed,Thu Nov 23 19:16:28 EET 2023,Thu Nov 23 19:17:07 EET 2023,39134,Suite,Corporate Loans,tests.ABEVerifyCorporateLoanCorporateLoansTest,tests.ABEVerifyCorporateLoanCorporateLoansTest,verifyCorporateLoanCorporateLoansTest,Test Case ID: FCB-12024,
passed,Thu Nov 23 18:52:53 EET 2023,Thu Nov 23 18:54:44 EET 2023,110984,Suite,Corporate Loans,tests.ABEOpenCorporateLoanCorporateLoansTest,tests.ABEOpenCorporateLoanCorporateLoansTest,openCorporateLoanCorporateLoansTest,Test Case ID: FCB-12210,
passed,Thu Nov 23 19:12:55 EET 2023,Thu Nov 23 19:13:41 EET 2023,45814,Suite,Corporate Loans,tests.ABEVerifyCorporateLoanCorporateLoansTest,tests.ABEVerifyCorporateLoanCorporateLoansTest,verifyCorporateLoanCorporateLoansTest,Test Case ID: FCB-12211,
passed,Thu Nov 23 19:07:25 EET 2023,Thu Nov 23 19:08:13 EET 2023,47666,Suite,Corporate Loans,tests.ABEModifyCorporateLoanCorporateLoansTest,tests.ABEModifyCorporateLoanCorporateLoansTest,modifyCorporateLoanCorporateLoansTest,Test Case ID: FCB-12023,
passed,Thu Nov 23 19:06:30 EET 2023,Thu Nov 23 19:07:19 EET 2023,48843,Suite,Corporate Loans,tests.ABEModifyCorporateLoanCorporateLoansTest,tests.ABEModifyCorporateLoanCorporateLoansTest,modifyCorporateLoanCorporateLoansTest,Test Case ID: FCB-12021,
passed,Thu Nov 23 19:00:41 EET 2023,Thu Nov 23 19:01:37 EET 2023,56197,Suite,Corporate Loans,tests.ABEOpenCorporateLoanCorporateLoansTest,tests.ABEOpenCorporateLoanCorporateLoansTest,openCorporateLoanCorporateLoansTest,Test Case ID: FCB-22645,
passed,Thu Nov 23 19:32:59 EET 2023,Thu Nov 23 19:33:56 EET 2023,57456,Suite (0),Murabaha Financing,tests.ABEDisburseMurabahaAccountMurabahaFinancingTest,tests.ABEDisburseMurabahaAccountMurabahaFinancingTest,disburseMurabahaAccountMurabahaFinancingTest,Test Case ID: FCB-10024,
passed,Thu Nov 23 19:27:06 EET 2023,Thu Nov 23 19:28:27 EET 2023,81007,Suite (0),Murabaha Financing,tests.ABEVerifyMurabahaAccountOpeningMurabahaFinancingTest,tests.ABEVerifyMurabahaAccountOpeningMurabahaFinancingTest,verifyMurabahaAccountOpeningMurabahaFinancingTest,Test Case ID: FCB-9982,
passed,Thu Nov 23 19:03:41 EET 2023,Thu Nov 23 19:05:31 EET 2023,110615,Suite,Corporate Loans,tests.ABEOpenCorporateLoanCorporateLoansTest,tests.ABEOpenCorporateLoanCorporateLoansTest,openCorporateLoanCorporateLoansTest,Test Case ID: FCB-22647,
passed,Thu Nov 23 19:11:04 EET 2023,Thu Nov 23 19:13:31 EET 2023,146552,Suite (0),Murabaha Financing,tests.ABEOpenMurabahaAccountMurabahaFinancingTest,tests.ABEOpenMurabahaAccountMurabahaFinancingTest,openMurabahaAccountMurabahaFinancingTest,Test Case ID: FCB-9947,
passed,Thu Nov 23 19:24:31 EET 2023,Thu Nov 23 19:25:07 EET 2023,35908,Suite,Corporate Loans,tests.ABEDisburseCorporateLoanCorporateLoansTest,tests.ABEDisburseCorporateLoanCorporateLoansTest,disburseCorporateLoanCorporateLoansTest,Test Case ID: FCB-22649,
passed,Thu Nov 23 18:48:09 EET 2023,Thu Nov 23 18:50:35 EET 2023,146630,Suite (0),Murabaha Financing,tests.ABEOpenMurabahaAccountMurabahaFinancingTest,tests.ABEOpenMurabahaAccountMurabahaFinancingTest,openMurabahaAccountMurabahaFinancingTest,Test Case ID: FCB-9938,
passed,Thu Nov 23 19:03:23 EET 2023,Thu Nov 23 19:05:49 EET 2023,145770,Suite (0),Murabaha Financing,tests.ABEOpenMurabahaAccountMurabahaFinancingTest,tests.ABEOpenMurabahaAccountMurabahaFinancingTest,openMurabahaAccountMurabahaFinancingTest,Test Case ID: FCB-9944,
passed,Thu Nov 23 18:53:17 EET 2023,Thu Nov 23 18:55:43 EET 2023,145713,Suite (0),Murabaha Financing,tests.ABEOpenMurabahaAccountMurabahaFinancingTest,tests.ABEOpenMurabahaAccountMurabahaFinancingTest,openMurabahaAccountMurabahaFinancingTest,Test Case ID: FCB-9940,
passed,Thu Nov 23 19:47:17 EET 2023,Thu Nov 23 19:48:03 EET 2023,45698,Suite (0),Murabaha Financing,tests.ABEVerifyMurabahaAccountDisbursementMurabahaFinancingTest,tests.ABEVerifyMurabahaAccountDisbursementMurabahaFinancingTest,verifyMurabahaAccountDisbursementMurabahaFinancingTest,Test Case ID: FCB-10064,
passed,Thu Nov 23 19:36:10 EET 2023,Thu Nov 23 19:37:08 EET 2023,58100,Suite (0),Murabaha Financing,tests.ABEDisburseMurabahaAccountMurabahaFinancingTest,tests.ABEDisburseMurabahaAccountMurabahaFinancingTest,disburseMurabahaAccountMurabahaFinancingTest,Test Case ID: FCB-10027,
passed,Thu Nov 23 19:15:14 EET 2023,Thu Nov 23 19:16:35 EET 2023,80955,Suite (0),Murabaha Financing,tests.ABEVerifyMurabahaAccountOpeningMurabahaFinancingTest,tests.ABEVerifyMurabahaAccountOpeningMurabahaFinancingTest,verifyMurabahaAccountOpeningMurabahaFinancingTest,Test Case ID: FCB-9974,
passed,Thu Nov 23 19:21:10 EET 2023,Thu Nov 23 19:22:31 EET 2023,80847,Suite (0),Murabaha Financing,tests.ABEVerifyMurabahaAccountOpeningMurabahaFinancingTest,tests.ABEVerifyMurabahaAccountOpeningMurabahaFinancingTest,verifyMurabahaAccountOpeningMurabahaFinancingTest,Test Case ID: FCB-9978,
passed,Thu Nov 23 19:22:41 EET 2023,Thu Nov 23 19:24:02 EET 2023,80688,Suite (0),Murabaha Financing,tests.ABEVerifyMurabahaAccountOpeningMurabahaFinancingTest,tests.ABEVerifyMurabahaAccountOpeningMurabahaFinancingTest,verifyMurabahaAccountOpeningMurabahaFinancingTest,Test Case ID: FCB-9979,
passed,Thu Nov 23 18:48:00 EET 2023,Thu Nov 23 18:49:50 EET 2023,110562,Suite,Corporate Loans,tests.ABEOpenCorporateLoanCorporateLoansTest,tests.ABEOpenCorporateLoanCorporateLoansTest,openCorporateLoanCorporateLoansTest,Test Case ID: FCB-12204,
passed,Thu Nov 23 19:32:02 EET 2023,Thu Nov 23 19:32:41 EET 2023,38302,Suite,Corporate Loans,tests.ABEVerifyCorporateLoanDisbursmentCorporateLoansTest,tests.ABEVerifyCorporateLoanDisbursmentCorporateLoansTest,verifyCorporateLoanDisbursmentCorporateLoansTest,Test Case ID: FCB-22652,
passed,Thu Nov 23 19:29:01 EET 2023,Thu Nov 23 19:29:38 EET 2023,37861,Suite,Corporate Loans,tests.ABEVerifyCorporateLoanDisbursmentCorporateLoansTest,tests.ABEVerifyCorporateLoanDisbursmentCorporateLoansTest,verifyCorporateLoanDisbursmentCorporateLoansTest,Test Case ID: FCB-12048,
passed,Thu Nov 23 19:10:16 EET 2023,Thu Nov 23 19:11:02 EET 2023,46112,Suite,Corporate Loans,tests.ABEVerifyCorporateLoanCorporateLoansTest,tests.ABEVerifyCorporateLoanCorporateLoansTest,verifyCorporateLoanCorporateLoansTest,Test Case ID: FCB-12205,
passed,Thu Nov 23 19:16:44 EET 2023,Thu Nov 23 19:18:04 EET 2023,80319,Suite (0),Murabaha Financing,tests.ABEVerifyMurabahaAccountOpeningMurabahaFinancingTest,tests.ABEVerifyMurabahaAccountOpeningMurabahaFinancingTest,verifyMurabahaAccountOpeningMurabahaFinancingTest,Test Case ID: FCB-9975,
passed,Thu Nov 23 19:18:14 EET 2023,Thu Nov 23 19:19:34 EET 2023,80511,Suite (0),Murabaha Financing,tests.ABEVerifyMurabahaAccountOpeningMurabahaFinancingTest,tests.ABEVerifyMurabahaAccountOpeningMurabahaFinancingTest,verifyMurabahaAccountOpeningMurabahaFinancingTest,Test Case ID: FCB-9976,
passed,Thu Nov 23 19:19:46 EET 2023,Thu Nov 23 19:20:17 EET 2023,31586,Suite,Corporate Loans,tests.ABEDisburseCorporateLoanCorporateLoansTest,tests.ABEDisburseCorporateLoanCorporateLoansTest,disburseCorporateLoanCorporateLoansTest,Test Case ID: FCB-12041,
passed,Thu Nov 23 19:46:26 EET 2023,Thu Nov 23 19:47:12 EET 2023,45603,Suite (0),Murabaha Financing,tests.ABEVerifyMurabahaAccountDisbursementMurabahaFinancingTest,tests.ABEVerifyMurabahaAccountDisbursementMurabahaFinancingTest,verifyMurabahaAccountDisbursementMurabahaFinancingTest,Test Case ID: FCB-10063,
passed,Thu Nov 23 19:29:48 EET 2023,Thu Nov 23 19:30:44 EET 2023,56426,Suite (0),Murabaha Financing,tests.ABEDisburseMurabahaAccountMurabahaFinancingTest,tests.ABEDisburseMurabahaAccountMurabahaFinancingTest,disburseMurabahaAccountMurabahaFinancingTest,Test Case ID: FCB-10021,
passed,Thu Nov 23 19:19:00 EET 2023,Thu Nov 23 19:19:37 EET 2023,37325,Suite,Corporate Loans,tests.ABEDisburseCorporateLoanCorporateLoansTest,tests.ABEDisburseCorporateLoanCorporateLoansTest,disburseCorporateLoanCorporateLoansTest,Test Case ID: FCB-12039,
passed,Thu Nov 23 19:01:42 EET 2023,Thu Nov 23 19:03:33 EET 2023,110362,Suite,Corporate Loans,tests.ABEOpenCorporateLoanCorporateLoansTest,tests.ABEOpenCorporateLoanCorporateLoansTest,openCorporateLoanCorporateLoansTest,Test Case ID: FCB-22646,
passed,Thu Nov 23 19:25:58 EET 2023,Thu Nov 23 19:26:35 EET 2023,37656,Suite,Corporate Loans,tests.ABEVerifyCorporateLoanDisbursmentCorporateLoansTest,tests.ABEVerifyCorporateLoanDisbursmentCorporateLoansTest,verifyCorporateLoanDisbursmentCorporateLoansTest,Test Case ID: FCB-12040,
passed,Thu Nov 23 19:12:03 EET 2023,Thu Nov 23 19:12:49 EET 2023,46010,Suite,Corporate Loans,tests.ABEVerifyCorporateLoanCorporateLoansTest,tests.ABEVerifyCorporateLoanCorporateLoansTest,verifyCorporateLoanCorporateLoansTest,Test Case ID: FCB-12209,
passed,Thu Nov 23 18:54:50 EET 2023,Thu Nov 23 18:56:40 EET 2023,109811,Suite,Corporate Loans,tests.ABEOpenCorporateLoanCorporateLoansTest,tests.ABEOpenCorporateLoanCorporateLoansTest,openCorporateLoanCorporateLoansTest,Test Case ID: FCB-12212,
passed,Thu Nov 23 19:30:52 EET 2023,Thu Nov 23 19:31:48 EET 2023,55753,Suite (0),Murabaha Financing,tests.ABEDisburseMurabahaAccountMurabahaFinancingTest,tests.ABEDisburseMurabahaAccountMurabahaFinancingTest,disburseMurabahaAccountMurabahaFinancingTest,Test Case ID: FCB-10022,
passed,Thu Nov 23 19:13:46 EET 2023,Thu Nov 23 19:15:07 EET 2023,80478,Suite (0),Murabaha Financing,tests.ABEVerifyMurabahaAccountOpeningMurabahaFinancingTest,tests.ABEVerifyMurabahaAccountOpeningMurabahaFinancingTest,verifyMurabahaAccountOpeningMurabahaFinancingTest,Test Case ID: FCB-9973,
passed,Thu Nov 23 19:42:58 EET 2023,Thu Nov 23 19:43:43 EET 2023,45778,Suite (0),Murabaha Financing,tests.ABEVerifyMurabahaAccountDisbursementMurabahaFinancingTest,tests.ABEVerifyMurabahaAccountDisbursementMurabahaFinancingTest,verifyMurabahaAccountDisbursementMurabahaFinancingTest,Test Case ID: FCB-10059,
passed,Thu Nov 23 19:11:10 EET 2023,Thu Nov 23 19:11:57 EET 2023,46313,Suite,Corporate Loans,tests.ABEVerifyCorporateLoanCorporateLoansTest,tests.ABEVerifyCorporateLoanCorporateLoansTest,verifyCorporateLoanCorporateLoansTest,Test Case ID: FCB-12207,
passed,Thu Nov 23 19:00:51 EET 2023,Thu Nov 23 19:03:17 EET 2023,145964,Suite (0),Murabaha Financing,tests.ABEOpenMurabahaAccountMurabahaFinancingTest,tests.ABEOpenMurabahaAccountMurabahaFinancingTest,openMurabahaAccountMurabahaFinancingTest,Test Case ID: FCB-9943,
passed,Thu Nov 23 19:44:42 EET 2023,Thu Nov 23 19:45:27 EET 2023,45891,Suite (0),Murabaha Financing,tests.ABEVerifyMurabahaAccountDisbursementMurabahaFinancingTest,tests.ABEVerifyMurabahaAccountDisbursementMurabahaFinancingTest,verifyMurabahaAccountDisbursementMurabahaFinancingTest,Test Case ID: FCB-10061,
passed,Thu Nov 23 19:21:05 EET 2023,Thu Nov 23 19:21:36 EET 2023,30765,Suite,Corporate Loans,tests.ABEDisburseCorporateLoanCorporateLoansTest,tests.ABEDisburseCorporateLoanCorporateLoansTest,disburseCorporateLoanCorporateLoansTest,Test Case ID: FCB-12045,
passed,Thu Nov 23 19:19:40 EET 2023,Thu Nov 23 19:21:01 EET 2023,81097,Suite (0),Murabaha Financing,tests.ABEVerifyMurabahaAccountOpeningMurabahaFinancingTest,tests.ABEVerifyMurabahaAccountOpeningMurabahaFinancingTest,verifyMurabahaAccountOpeningMurabahaFinancingTest,Test Case ID: FCB-9977,
passed,Thu Nov 23 19:31:53 EET 2023,Thu Nov 23 19:32:49 EET 2023,56041,Suite (0),Murabaha Financing,tests.ABEDisburseMurabahaAccountMurabahaFinancingTest,tests.ABEDisburseMurabahaAccountMurabahaFinancingTest,disburseMurabahaAccountMurabahaFinancingTest,Test Case ID: FCB-10023,
passed,Thu Nov 23 19:23:48 EET 2023,Thu Nov 23 19:24:24 EET 2023,35916,Suite,Corporate Loans,tests.ABEDisburseCorporateLoanCorporateLoansTest,tests.ABEDisburseCorporateLoanCorporateLoansTest,disburseCorporateLoanCorporateLoansTest,Test Case ID: FCB-22648,
passed,Thu Nov 23 19:30:31 EET 2023,Thu Nov 23 19:31:08 EET 2023,37612,Suite,Corporate Loans,tests.ABEVerifyCorporateLoanDisbursmentCorporateLoansTest,tests.ABEVerifyCorporateLoanDisbursmentCorporateLoansTest,verifyCorporateLoanDisbursmentCorporateLoansTest,Test Case ID: FCB-12052,
passed,Thu Nov 23 19:14:40 EET 2023,Thu Nov 23 19:15:26 EET 2023,46017,Suite,Corporate Loans,tests.ABEVerifyCorporateLoanCorporateLoansTest,tests.ABEVerifyCorporateLoanCorporateLoansTest,verifyCorporateLoanCorporateLoansTest,Test Case ID: FCB-12013,
passed,Thu Nov 23 19:25:13 EET 2023,Thu Nov 23 19:25:49 EET 2023,36154,Suite,Corporate Loans,tests.ABEDisburseCorporateLoanCorporateLoansTest,tests.ABEDisburseCorporateLoanCorporateLoansTest,disburseCorporateLoanCorporateLoansTest,Test Case ID: FCB-22650,
passed,Thu Nov 23 18:51:52 EET 2023,Thu Nov 23 18:52:48 EET 2023,56175,Suite,Corporate Loans,tests.ABEOpenCorporateLoanCorporateLoansTest,tests.ABEOpenCorporateLoanCorporateLoansTest,openCorporateLoanCorporateLoansTest,Test Case ID: FCB-12208,
passed,Thu Nov 23 19:20:23 EET 2023,Thu Nov 23 19:20:59 EET 2023,35939,Suite,Corporate Loans,tests.ABEDisburseCorporateLoanCorporateLoansTest,tests.ABEDisburseCorporateLoanCorporateLoansTest,disburseCorporateLoanCorporateLoansTest,Test Case ID: FCB-12043,
passed,Thu Nov 23 18:55:48 EET 2023,Thu Nov 23 18:58:14 EET 2023,145940,Suite (0),Murabaha Financing,tests.ABEOpenMurabahaAccountMurabahaFinancingTest,tests.ABEOpenMurabahaAccountMurabahaFinancingTest,openMurabahaAccountMurabahaFinancingTest,Test Case ID: FCB-9941,
passed,Thu Nov 23 19:29:47 EET 2023,Thu Nov 23 19:30:25 EET 2023,37545,Suite,Corporate Loans,tests.ABEVerifyCorporateLoanDisbursmentCorporateLoansTest,tests.ABEVerifyCorporateLoanDisbursmentCorporateLoansTest,verifyCorporateLoanDisbursmentCorporateLoansTest,Test Case ID: FCB-12050,
passed,Thu Nov 23 19:08:31 EET 2023,Thu Nov 23 19:10:57 EET 2023,146247,Suite (0),Murabaha Financing,tests.ABEOpenMurabahaAccountMurabahaFinancingTest,tests.ABEOpenMurabahaAccountMurabahaFinancingTest,openMurabahaAccountMurabahaFinancingTest,Test Case ID: FCB-9946,
passed,Thu Nov 23 19:26:42 EET 2023,Thu Nov 23 19:27:20 EET 2023,37763,Suite,Corporate Loans,tests.ABEVerifyCorporateLoanDisbursmentCorporateLoansTest,tests.ABEVerifyCorporateLoanDisbursmentCorporateLoansTest,verifyCorporateLoanDisbursmentCorporateLoansTest,Test Case ID: FCB-12042,
passed,Thu Nov 23 19:13:48 EET 2023,Thu Nov 23 19:14:34 EET 2023,46057,Suite,Corporate Loans,tests.ABEVerifyCorporateLoanCorporateLoansTest,tests.ABEVerifyCorporateLoanCorporateLoansTest,verifyCorporateLoanCorporateLoansTest,Test Case ID: FCB-12213,
passed,Thu Nov 23 19:41:14 EET 2023,Thu Nov 23 19:42:00 EET 2023,46056,Suite (0),Murabaha Financing,tests.ABEVerifyMurabahaAccountDisbursementMurabahaFinancingTest,tests.ABEVerifyMurabahaAccountDisbursementMurabahaFinancingTest,verifyMurabahaAccountDisbursementMurabahaFinancingTest,Test Case ID: FCB-10057,
passed,Thu Nov 23 19:40:23 EET 2023,Thu Nov 23 19:41:08 EET 2023,45657,Suite (0),Murabaha Financing,tests.ABEVerifyMurabahaAccountDisbursementMurabahaFinancingTest,tests.ABEVerifyMurabahaAccountDisbursementMurabahaFinancingTest,verifyMurabahaAccountDisbursementMurabahaFinancingTest,Test Case ID: FCB-10056,
