"Status","Start Time","Stop Time","Duration in ms","Parent Suite","Suite","Sub Suite","Test Class","Test Method","Name","Description"
"passed","Sun Dec 03 13:59:46 EET 2023","Sun Dec 03 14:00:31 EET 2023","45019","Suite","Office Account","tests.ABEVerifyOfficeAccountFinanceTest","tests.ABEVerifyOfficeAccountFinanceTest","ABE_VerifyOfficeAccount","Test Case ID: FCB-338",""
"passed","Sun Dec 03 13:56:51 EET 2023","Sun Dec 03 13:57:25 EET 2023","33849","Suite","Office Account","tests.ABECreateOfficeAccountFinanceTest","tests.ABECreateOfficeAccountFinanceTest","ABE_OpenOfficeAccount","Test Case ID: FCB-304",""
"passed","Sun Dec 03 13:59:02 EET 2023","Sun Dec 03 13:59:36 EET 2023","33642","Suite","Office Account","tests.ABECreateOfficeAccountFinanceTest","tests.ABECreateOfficeAccountFinanceTest","ABE_OpenOfficeAccount","Test Case ID: FCB-337",""
"passed","Sun Dec 03 13:55:25 EET 2023","Sun Dec 03 13:55:59 EET 2023","33626","Suite","Office Account","tests.ABECreateOfficeAccountFinanceTest","tests.ABECreateOfficeAccountFinanceTest","ABE_OpenOfficeAccount","Test Case ID: FCB-298",""
"passed","Sun Dec 03 13:58:18 EET 2023","Sun Dec 03 13:58:52 EET 2023","33762","Suite","Office Account","tests.ABECreateOfficeAccountFinanceTest","tests.ABECreateOfficeAccountFinanceTest","ABE_OpenOfficeAccount","Test Case ID: FCB-335",""
"passed","Sun Dec 03 13:53:13 EET 2023","Sun Dec 03 13:53:47 EET 2023","34166","Suite","Office Account","tests.ABECreateOfficeAccountFinanceTest","tests.ABECreateOfficeAccountFinanceTest","ABE_OpenOfficeAccount","Test Case ID: FCB-459",""
"passed","Sun Dec 03 14:02:32 EET 2023","Sun Dec 03 14:03:17 EET 2023","44914","Suite","Office Account","tests.ABEVerifyOfficeAccountFinanceTest","tests.ABEVerifyOfficeAccountFinanceTest","ABE_VerifyOfficeAccount","Test Case ID: FCB-460",""
"passed","Sun Dec 03 14:03:27 EET 2023","Sun Dec 03 14:04:12 EET 2023","44761","Suite","Office Account","tests.ABEVerifyOfficeAccountFinanceTest","tests.ABEVerifyOfficeAccountFinanceTest","ABE_VerifyOfficeAccount","Test Case ID: FCB-461",""
"passed","Sun Dec 03 14:04:22 EET 2023","Sun Dec 03 14:05:07 EET 2023","44740","Suite","Office Account","tests.ABEVerifyOfficeAccountFinanceTest","tests.ABEVerifyOfficeAccountFinanceTest","ABE_VerifyOfficeAccount","Test Case ID: FCB-529",""
"passed","Sun Dec 03 14:08:02 EET 2023","Sun Dec 03 14:08:47 EET 2023","45018","Suite","Office Account","tests.ABEVerifyOfficeAccountFinanceTest","tests.ABEVerifyOfficeAccountFinanceTest","ABE_VerifyOfficeAccount","Test Case ID: FCB-302",""
"passed","Sun Dec 03 13:57:36 EET 2023","Sun Dec 03 13:58:10 EET 2023","33748","Suite","Office Account","tests.ABECreateOfficeAccountFinanceTest","tests.ABECreateOfficeAccountFinanceTest","ABE_OpenOfficeAccount","Test Case ID: FCB-307",""
"passed","Sun Dec 03 14:00:42 EET 2023","Sun Dec 03 14:01:26 EET 2023","44643","Suite","Office Account","tests.ABEVerifyOfficeAccountFinanceTest","tests.ABEVerifyOfficeAccountFinanceTest","ABE_VerifyOfficeAccount","Test Case ID: FCB-336",""
"passed","Sun Dec 03 13:54:41 EET 2023","Sun Dec 03 13:55:15 EET 2023","34452","Suite","Office Account","tests.ABECreateOfficeAccountFinanceTest","tests.ABECreateOfficeAccountFinanceTest","ABE_OpenOfficeAccount","Test Case ID: FCB-540",""
"passed","Sun Dec 03 14:05:16 EET 2023","Sun Dec 03 14:05:53 EET 2023","36796","Suite","Office Account","tests.ABEVerifyOfficeAccountFinanceTest","tests.ABEVerifyOfficeAccountFinanceTest","ABE_VerifyOfficeAccount","Test Case ID: FCB-541",""
"passed","Sun Dec 03 14:01:36 EET 2023","Sun Dec 03 14:02:22 EET 2023","46601","Suite","Office Account","tests.ABEVerifyOfficeAccountFinanceTest","tests.ABEVerifyOfficeAccountFinanceTest","ABE_VerifyOfficeAccount","Test Case ID: FCB-308",""
"passed","Sun Dec 03 14:06:03 EET 2023","Sun Dec 03 14:06:49 EET 2023","45297","Suite","Office Account","tests.ABEVerifyOfficeAccountFinanceTest","tests.ABEVerifyOfficeAccountFinanceTest","ABE_VerifyOfficeAccount","Test Case ID: FCB-305",""
"passed","Sun Dec 03 13:56:07 EET 2023","Sun Dec 03 13:56:43 EET 2023","35628","Suite","Office Account","tests.ABECreateOfficeAccountFinanceTest","tests.ABECreateOfficeAccountFinanceTest","ABE_OpenOfficeAccount","Test Case ID: FCB-301",""
"passed","Sun Dec 03 13:53:57 EET 2023","Sun Dec 03 13:54:31 EET 2023","33850","Suite","Office Account","tests.ABECreateOfficeAccountFinanceTest","tests.ABECreateOfficeAccountFinanceTest","ABE_OpenOfficeAccount","Test Case ID: FCB-528",""
"passed","Sun Dec 03 14:07:05 EET 2023","Sun Dec 03 14:07:49 EET 2023","44551","Suite","Office Account","tests.ABEVerifyOfficeAccountFinanceTest","tests.ABEVerifyOfficeAccountFinanceTest","ABE_VerifyOfficeAccount","Test Case ID: FCB-299",""
"passed","Sun Dec 03 13:52:25 EET 2023","Sun Dec 03 13:53:01 EET 2023","36267","Suite","Office Account","tests.ABECreateOfficeAccountFinanceTest","tests.ABECreateOfficeAccountFinanceTest","ABE_OpenOfficeAccount","Test Case ID: FCB-458",""
