"Status","Start Time","Stop Time","Duration in ms","Parent Suite","Suite","Sub Suite","Test Class","Test Method","Name","Description"
"passed","Wed Dec 06 21:07:44 EET 2023","Wed Dec 06 21:08:22 EET 2023","38112","Import Bills","Import Bills","tests.ABEVerifyCoAcceptImportBillsTradeFinanceTest","tests.ABEVerifyCoAcceptImportBillsTradeFinanceTest","ABE_VerifyCoAcceptImportBills","Test Case ID: FCB-7004",""
"broken","Wed Dec 06 20:59:53 EET 2023","Wed Dec 06 21:00:40 EET 2023","47583","Import Bills","Import Bills","tests.ABECoAcceptImportBillsTradeFinanceTest","tests.ABECoAcceptImportBillsTradeFinanceTest","ABE_CoAcceptImportBills","Test Case ID: FCB-7021",""
"passed","Wed Dec 06 21:08:34 EET 2023","Wed Dec 06 21:09:12 EET 2023","38069","Import Bills","Import Bills","tests.ABEVerifyCoAcceptImportBillsTradeFinanceTest","tests.ABEVerifyCoAcceptImportBillsTradeFinanceTest","ABE_VerifyCoAcceptImportBills","Test Case ID: FCB-7012",""
"passed","Wed Dec 06 21:00:50 EET 2023","Wed Dec 06 21:01:28 EET 2023","38179","Import Bills","Import Bills","tests.ABEVerifyCoAcceptImportBillsTradeFinanceTest","tests.ABEVerifyCoAcceptImportBillsTradeFinanceTest","ABE_VerifyCoAcceptImportBills","Test Case ID: FCB-6971",""
"passed","Wed Dec 06 20:56:18 EET 2023","Wed Dec 06 20:57:04 EET 2023","46286","Import Bills","Import Bills","tests.ABECoAcceptImportBillsTradeFinanceTest","tests.ABECoAcceptImportBillsTradeFinanceTest","ABE_CoAcceptImportBills","Test Case ID: FCB-6970",""
"passed","Wed Dec 06 20:59:00 EET 2023","Wed Dec 06 20:59:44 EET 2023","43544","Import Bills","Import Bills","tests.ABECoAcceptImportBillsTradeFinanceTest","tests.ABECoAcceptImportBillsTradeFinanceTest","ABE_CoAcceptImportBills","Test Case ID: FCB-7011",""
"passed","Wed Dec 06 21:11:02 EET 2023","Wed Dec 06 21:11:40 EET 2023","38357","Import Bills","Import Bills","tests.ABEVerifyCoAcceptImportBillsTradeFinanceTest","tests.ABEVerifyCoAcceptImportBillsTradeFinanceTest","ABE_VerifyCoAcceptImportBills","Test Case ID: FCB-6953",""
"passed","Wed Dec 06 20:58:07 EET 2023","Wed Dec 06 20:58:50 EET 2023","43825","Import Bills","Import Bills","tests.ABECoAcceptImportBillsTradeFinanceTest","tests.ABECoAcceptImportBillsTradeFinanceTest","ABE_CoAcceptImportBills","Test Case ID: FCB-7003",""
"broken","Wed Dec 06 21:09:24 EET 2023","Wed Dec 06 21:10:52 EET 2023","88053","Import Bills","Import Bills","tests.ABEVerifyCoAcceptImportBillsTradeFinanceTest","tests.ABEVerifyCoAcceptImportBillsTradeFinanceTest","ABE_VerifyCoAcceptImportBills","Test Case ID: FCB-7022",""
"passed","Wed Dec 06 20:57:14 EET 2023","Wed Dec 06 20:57:57 EET 2023","43482","Import Bills","Import Bills","tests.ABECoAcceptImportBillsTradeFinanceTest","tests.ABECoAcceptImportBillsTradeFinanceTest","ABE_CoAcceptImportBills","Test Case ID: FCB-6952",""
