"Status","Start Time","Stop Time","Duration in ms","Parent Suite","Suite","Sub Suite","Test Class","Test Method","Name","Description"
"skipped","Mon Dec 25 10:42:12 EET 2023","Mon Dec 25 10:42:12 EET 2023","0","Import Bills","Import Bills","tests.ABEVerifyRealizeImportBillsTradeFinanceTest","tests.ABEVerifyRealizeImportBillsTradeFinanceTest","ABE_VerifyRealizeImportBills","ABE_VerifyRealizeImportBills",""
"skipped","Mon Dec 25 10:42:12 EET 2023","Mon Dec 25 10:42:12 EET 2023","1","Import Bills","Import Bills","tests.ABEVerifyRealizeImportBillsTradeFinanceTest","tests.ABEVerifyRealizeImportBillsTradeFinanceTest","ABE_VerifyRealizeImportBills","ABE_VerifyRealizeImportBills",""
"broken","Mon Dec 25 10:42:12 EET 2023","Mon Dec 25 10:42:12 EET 2023","1","Import Bills","Import Bills","tests.ABEVerifyRealizeImportBillsTradeFinanceTest","tests.ABEVerifyRealizeImportBillsTradeFinanceTest","beforeTest","Initiating Browser",""
"skipped","Mon Dec 25 10:42:12 EET 2023","Mon Dec 25 10:42:12 EET 2023","1","Import Bills","Import Bills","tests.ABEVerifyRealizeImportBillsTradeFinanceTest","tests.ABEVerifyRealizeImportBillsTradeFinanceTest","ABE_VerifyRealizeImportBills","ABE_VerifyRealizeImportBills",""
"skipped","Mon Dec 25 10:42:12 EET 2023","Mon Dec 25 10:42:12 EET 2023","0","Import Bills","Import Bills","tests.ABEVerifyRealizeImportBillsTradeFinanceTest","tests.ABEVerifyRealizeImportBillsTradeFinanceTest","ABE_VerifyRealizeImportBills","ABE_VerifyRealizeImportBills",""
"broken","Mon Dec 25 10:40:34 EET 2023","Mon Dec 25 10:42:04 EET 2023","89545","Import Bills","Import Bills","tests.ABEVerifyRealizeImportBillsTradeFinanceTest","tests.ABEVerifyRealizeImportBillsTradeFinanceTest","ABE_VerifyRealizeImportBills","Test Case ID: FCB-6918",""
"skipped","Mon Dec 25 10:42:12 EET 2023","Mon Dec 25 10:42:12 EET 2023","0","Import Bills","Import Bills","tests.ABEVerifyRealizeImportBillsTradeFinanceTest","tests.ABEVerifyRealizeImportBillsTradeFinanceTest","ABE_VerifyRealizeImportBills","ABE_VerifyRealizeImportBills",""
"skipped","Mon Dec 25 10:42:12 EET 2023","Mon Dec 25 10:42:12 EET 2023","1","Import Bills","Import Bills","tests.ABEVerifyRealizeImportBillsTradeFinanceTest","tests.ABEVerifyRealizeImportBillsTradeFinanceTest","ABE_VerifyRealizeImportBills","ABE_VerifyRealizeImportBills",""
"skipped","Mon Dec 25 10:42:12 EET 2023","Mon Dec 25 10:42:12 EET 2023","0","Import Bills","Import Bills","tests.ABEVerifyRealizeImportBillsTradeFinanceTest","tests.ABEVerifyRealizeImportBillsTradeFinanceTest","ABE_VerifyRealizeImportBills","ABE_VerifyRealizeImportBills",""
"skipped","Mon Dec 25 10:42:12 EET 2023","Mon Dec 25 10:42:12 EET 2023","0","Import Bills","Import Bills","tests.ABEVerifyRealizeImportBillsTradeFinanceTest","tests.ABEVerifyRealizeImportBillsTradeFinanceTest","ABE_VerifyRealizeImportBills","ABE_VerifyRealizeImportBills",""
"skipped","Mon Dec 25 10:42:12 EET 2023","Mon Dec 25 10:42:12 EET 2023","0","Import Bills","Import Bills","tests.ABEVerifyRealizeImportBillsTradeFinanceTest","tests.ABEVerifyRealizeImportBillsTradeFinanceTest","ABE_VerifyRealizeImportBills","ABE_VerifyRealizeImportBills",""
"passed","Mon Dec 25 10:39:53 EET 2023","Mon Dec 25 10:40:24 EET 2023","30552","Import Bills","Import Bills","tests.ABEVerifyRealizeImportBillsTradeFinanceTest","tests.ABEVerifyRealizeImportBillsTradeFinanceTest","ABE_VerifyRealizeImportBills","Test Case ID: FCB-6973",""
