"Status","Start Time","Stop Time","Duration in ms","Parent Suite","Suite","Sub Suite","Test Class","Test Method","Name","Description"
"passed","Wed Dec 06 14:35:26 EET 2023","Wed Dec 06 14:37:47 EET 2023","140444","Suite","retail Loans","tests.ABEDisburseRetailLoanRetailLoansTest","tests.ABEDisburseRetailLoanRetailLoansTest","disburseRetailLoan","Test Case ID: FCB-12816",""
"passed","Wed Dec 06 14:17:12 EET 2023","Wed Dec 06 14:18:58 EET 2023","106117","Suite","retail Loans","tests.ABEOpenRetailLoanRetailLoansTest","tests.ABEOpenRetailLoanRetailLoansTest","ABECreateTd","Test Case ID: FCB-12753",""
"passed","Wed Dec 06 14:27:07 EET 2023","Wed Dec 06 14:27:47 EET 2023","39765","Suite","retail Loans","tests.ABEVerifyRetailLoanRetailLoansTest","tests.ABEVerifyRetailLoanRetailLoansTest","ABEVerifyRetailLoanRetailLoans","Test Case ID: FCB-12758",""
"passed","Wed Dec 06 14:32:45 EET 2023","Wed Dec 06 14:35:14 EET 2023","148797","Suite","retail Loans","tests.ABEDisburseRetailLoanRetailLoansTest","tests.ABEDisburseRetailLoanRetailLoansTest","disburseRetailLoan","Test Case ID: FCB-12812",""
"passed","Wed Dec 06 14:53:36 EET 2023","Wed Dec 06 14:55:31 EET 2023","115203","Suite","retail Loans","tests.ABEVerifyRetailLoanDisbursmentRetailLoansTest","tests.ABEVerifyRetailLoanDisbursmentRetailLoansTest","ABEVerifyRetailLoanDisbursmentRetailLoans","Test Case ID: FCB-129444",""
"passed","Wed Dec 06 14:19:09 EET 2023","Wed Dec 06 14:20:55 EET 2023","106433","Suite","retail Loans","tests.ABEOpenRetailLoanRetailLoansTest","tests.ABEOpenRetailLoanRetailLoansTest","ABECreateTd","Test Case ID: FCB-12755",""
"passed","Wed Dec 06 14:40:14 EET 2023","Wed Dec 06 14:42:28 EET 2023","133466","Suite","retail Loans","tests.ABEDisburseRetailLoanRetailLoansTest","tests.ABEDisburseRetailLoanRetailLoansTest","disburseRetailLoan","Test Case ID: FCB-129433",""
"passed","Wed Dec 06 14:47:00 EET 2023","Wed Dec 06 14:49:13 EET 2023","133119","Suite","retail Loans","tests.ABEVerifyRetailLoanDisbursmentRetailLoansTest","tests.ABEVerifyRetailLoanDisbursmentRetailLoansTest","ABEVerifyRetailLoanDisbursmentRetailLoans","Test Case ID: FCB-12813",""
"passed","Wed Dec 06 14:28:07 EET 2023","Wed Dec 06 14:30:18 EET 2023","131498","Suite","retail Loans","tests.ABEDisburseRetailLoanRetailLoansTest","tests.ABEDisburseRetailLoanRetailLoansTest","disburseRetailLoan","Test Case ID: FCB-12814",""
"passed","Wed Dec 06 14:37:55 EET 2023","Wed Dec 06 14:40:07 EET 2023","131451","Suite","retail Loans","tests.ABEDisburseRetailLoanRetailLoansTest","tests.ABEDisburseRetailLoanRetailLoansTest","disburseRetailLoan","Test Case ID: FCB-12943",""
"passed","Wed Dec 06 14:15:23 EET 2023","Wed Dec 06 14:17:04 EET 2023","100821","Suite","retail Loans","tests.ABEOpenRetailLoanRetailLoansTest","tests.ABEOpenRetailLoanRetailLoansTest","ABECreateTd","Test Case ID: FCB-12751",""
"passed","Wed Dec 06 14:26:17 EET 2023","Wed Dec 06 14:26:56 EET 2023","39257","Suite","retail Loans","tests.ABEVerifyRetailLoanRetailLoansTest","tests.ABEVerifyRetailLoanRetailLoansTest","ABEVerifyRetailLoanRetailLoans","Test Case ID: FCB-12756",""
"passed","Wed Dec 06 14:51:36 EET 2023","Wed Dec 06 14:53:28 EET 2023","111410","Suite","retail Loans","tests.ABEVerifyRetailLoanDisbursmentRetailLoansTest","tests.ABEVerifyRetailLoanDisbursmentRetailLoansTest","ABEVerifyRetailLoanDisbursmentRetailLoans","Test Case ID: FCB-12944",""
"passed","Wed Dec 06 14:24:38 EET 2023","Wed Dec 06 14:25:20 EET 2023","41232","Suite","retail Loans","tests.ABEVerifyRetailLoanRetailLoansTest","tests.ABEVerifyRetailLoanRetailLoansTest","ABEVerifyRetailLoanRetailLoans","Test Case ID: FCB-12752",""
"passed","Wed Dec 06 14:42:51 EET 2023","Wed Dec 06 14:44:50 EET 2023","119103","Suite","retail Loans","tests.ABEVerifyRetailLoanDisbursmentRetailLoansTest","tests.ABEVerifyRetailLoanDisbursmentRetailLoansTest","ABEVerifyRetailLoanDisbursmentRetailLoans","Test Case ID: FCB-12815",""
"passed","Wed Dec 06 14:23:47 EET 2023","Wed Dec 06 14:24:29 EET 2023","42115","Suite","retail Loans","tests.ABEVerifyRetailLoanRetailLoansTest","tests.ABEVerifyRetailLoanRetailLoansTest","ABEVerifyRetailLoanRetailLoans","Test Case ID: FCB-12748",""
"passed","Wed Dec 06 14:13:27 EET 2023","Wed Dec 06 14:15:13 EET 2023","106261","Suite","retail Loans","tests.ABEOpenRetailLoanRetailLoansTest","tests.ABEOpenRetailLoanRetailLoansTest","ABECreateTd","Test Case ID: FCB-12747",""
"passed","Wed Dec 06 14:11:30 EET 2023","Wed Dec 06 14:13:17 EET 2023","106813","Suite","retail Loans","tests.ABEOpenRetailLoanRetailLoansTest","tests.ABEOpenRetailLoanRetailLoansTest","ABECreateTd","Test Case ID: FCB-12749",""
"passed","Wed Dec 06 14:30:27 EET 2023","Wed Dec 06 14:32:35 EET 2023","127251","Suite","retail Loans","tests.ABEDisburseRetailLoanRetailLoansTest","tests.ABEDisburseRetailLoanRetailLoansTest","disburseRetailLoan","Test Case ID: FCB-12810",""
"passed","Wed Dec 06 14:21:03 EET 2023","Wed Dec 06 14:22:49 EET 2023","106147","Suite","retail Loans","tests.ABEOpenRetailLoanRetailLoansTest","tests.ABEOpenRetailLoanRetailLoansTest","ABECreateTd","Test Case ID: FCB-12757",""
"passed","Wed Dec 06 14:22:57 EET 2023","Wed Dec 06 14:23:38 EET 2023","41403","Suite","retail Loans","tests.ABEVerifyRetailLoanRetailLoansTest","tests.ABEVerifyRetailLoanRetailLoansTest","ABEVerifyRetailLoanRetailLoans","Test Case ID: FCB-12750",""
"passed","Wed Dec 06 14:49:22 EET 2023","Wed Dec 06 14:51:27 EET 2023","125515","Suite","retail Loans","tests.ABEVerifyRetailLoanDisbursmentRetailLoansTest","tests.ABEVerifyRetailLoanDisbursmentRetailLoansTest","ABEVerifyRetailLoanDisbursmentRetailLoans","Test Case ID: FCB-12817",""
"passed","Wed Dec 06 14:25:29 EET 2023","Wed Dec 06 14:26:09 EET 2023","40049","Suite","retail Loans","tests.ABEVerifyRetailLoanRetailLoansTest","tests.ABEVerifyRetailLoanRetailLoansTest","ABEVerifyRetailLoanRetailLoans","Test Case ID: FCB-12754",""
"passed","Wed Dec 06 14:44:59 EET 2023","Wed Dec 06 14:46:51 EET 2023","111901","Suite","retail Loans","tests.ABEVerifyRetailLoanDisbursmentRetailLoansTest","tests.ABEVerifyRetailLoanDisbursmentRetailLoansTest","ABEVerifyRetailLoanDisbursmentRetailLoans","Test Case ID: FCB-12811",""
